Data,Fechamento
2001-01-02,15425
2001-01-03,16599
2001-01-04,16675
2001-01-05,16410
2001-01-08,16562
2001-01-09,16976
2001-01-10,16919
2001-01-11,17024
2001-01-12,16850
2001-01-15,16963
2001-01-16,16721
2001-01-17,17191
2001-01-18,17521
2001-01-19,17530
2001-01-22,17392
2001-01-23,17832
2001-01-24,17772
2001-01-26,17889
2001-01-29,17883
2001-01-30,17723
2001-01-31,17673
2001-02-01,17039
2001-02-02,16915
2001-02-05,16731
2001-02-06,17007
2001-02-07,16812
2001-02-08,17243
2001-02-09,17138
2001-02-12,16917
2001-02-13,17096
2001-02-14,17120
2001-02-15,16937
2001-02-16,16259
2001-02-19,16061
2001-02-20,15911
2001-02-21,15594
2001-02-22,15910
2001-02-23,16158
2001-02-28,15891
2001-03-01,16417
2001-03-02,16581
2001-03-05,16537
2001-03-06,16324
2001-03-07,16395
2001-03-08,16227
2001-03-09,16123
2001-03-12,15527
2001-03-13,15584
2001-03-14,15245
2001-03-15,15061
2001-03-16,15237
2001-03-19,14836
2001-03-20,14903
2001-03-21,14853
2001-03-22,14067
2001-03-23,14435
2001-03-26,14712
2001-03-27,14835
2001-03-28,14632
2001-03-29,14282
2001-03-30,14438
2001-04-02,13981
2001-04-03,13737
2001-04-04,13855
2001-04-05,14443
2001-04-06,14485
2001-04-09,14719
2001-04-10,15048
2001-04-11,14819
2001-04-12,14969
2001-04-16,14445
2001-04-17,14337
2001-04-18,14955
2001-04-19,14431
2001-04-20,13696
2001-04-23,13893
2001-04-24,14068
2001-04-25,14163
2001-04-26,14757
2001-04-27,14928
2001-04-30,14918
2001-05-02,14897
2001-05-03,15142
2001-05-04,15093
2001-05-07,14875
2001-05-08,14747
2001-05-09,14779
2001-05-10,14993
2001-05-11,14493
2001-05-14,14237
2001-05-15,14226
2001-05-16,14714
2001-05-17,14794
2001-05-18,14884
2001-05-21,15128
2001-05-22,14829
2001-05-23,14692
2001-05-24,14523
2001-05-25,14310
2001-05-28,14302
2001-05-29,14454
2001-05-30,14489
2001-05-31,14650
2001-06-01,14792
2001-06-04,15104
2001-06-05,15395
2001-06-06,15329
2001-06-07,15464
2001-06-08,15366
2001-06-11,15224
2001-06-12,15173
2001-06-13,15403
2001-06-15,14985
2001-06-18,14355
2001-06-19,14401
2001-06-20,14571
2001-06-21,14823
2001-06-22,14682
2001-06-25,14540
2001-06-26,14460
2001-06-27,14308
2001-06-28,14391
2001-06-29,14560
2001-07-02,14555
2001-07-03,14353
2001-07-04,14056
2001-07-05,14048
2001-07-06,13907
2001-07-10,13570
2001-07-11,13812
2001-07-12,13916
2001-07-13,14078
2001-07-16,13811
2001-07-17,14169
2001-07-18,13791
2001-07-19,13762
2001-07-20,14092
2001-07-23,14068
2001-07-24,13738
2001-07-25,13956
2001-07-26,13810
2001-07-27,13910
2001-07-30,13704
2001-07-31,13754
2001-08-01,13743
2001-08-02,13823
2001-08-03,13838
2001-08-06,14047
2001-08-07,14036
2001-08-08,13919
2001-08-09,13834
2001-08-10,13915
2001-08-13,13771
2001-08-14,13829
2001-08-15,13659
2001-08-16,13509
2001-08-17,13044
2001-08-20,13115
2001-08-21,12892
2001-08-22,12952
2001-08-23,12751
2001-08-24,13001
2001-08-27,12996
2001-08-28,13018
2001-08-29,13077
2001-08-30,12892
2001-08-31,12841
2001-09-03,12800
2001-09-04,12767
2001-09-05,12591
2001-09-06,12255
2001-09-10,11922
2001-09-11,10828
2001-09-12,11114
2001-09-13,10306
2001-09-14,10034
2001-09-17,10545
2001-09-18,10554
2001-09-19,10745
2001-09-20,10543
2001-09-21,10419
2001-09-24,10533
2001-09-25,10229
2001-09-26,10006
2001-09-27,10405
2001-09-28,10636
2001-10-01,10501
2001-10-02,10351
2001-10-03,10233
2001-10-04,10062
2001-10-05,10197
2001-10-08,10095
2001-10-09,10284
2001-10-10,10462
2001-10-11,10785
2001-10-15,11329
2001-10-16,11258
2001-10-17,11271
2001-10-18,10995
2001-10-19,11332
2001-10-22,11700
2001-10-23,11613
2001-10-24,11468
2001-10-25,11724
2001-10-26,11781
2001-10-29,11377
2001-10-30,11024
2001-10-31,11365
2001-11-01,11388
2001-11-05,12165
2001-11-06,12416
2001-11-07,12616
2001-11-08,12554
2001-11-09,12731
2001-11-12,12567
2001-11-13,12918
2001-11-14,12826
2001-11-16,12883
2001-11-19,12987
2001-11-20,12638
2001-11-21,12794
2001-11-22,13019
2001-11-23,13424
2001-11-26,13760
2001-11-27,13603
2001-11-28,13019
2001-11-29,12736
2001-11-30,12932
2001-12-03,13336
2001-12-04,13147
2001-12-05,13382
2001-12-06,13539
2001-12-07,13299
2001-12-10,13446
2001-12-11,13348
2001-12-12,13563
2001-12-13,13148
2001-12-14,12959
2001-12-17,12912
2001-12-18,13397
2001-12-19,13290
2001-12-20,12918
2001-12-21,13369
2001-12-26,13358
2001-12-27,13756
2001-12-28,13578
2002-01-02,13872
2002-01-03,14265
2002-01-04,14332
2002-01-07,14379
2002-01-08,14168
2002-01-09,14021
2002-01-10,13570
2002-01-11,13587
2002-01-14,13122
2002-01-15,13011
2002-01-16,13084
2002-01-17,13337
2002-01-18,13373
2002-01-21,13155
2002-01-22,13004
2002-01-23,13232
2002-01-24,13162
2002-01-28,13002
2002-01-29,12501
2002-01-30,12532
2002-01-31,12721
2002-02-01,12659
2002-02-04,12513
2002-02-05,12748
2002-02-06,12751
2002-02-07,12684
2002-02-08,12598
2002-02-13,12961
2002-02-14,13245
2002-02-15,13230
2002-02-18,13122
2002-02-19,12992
2002-02-20,13303
2002-02-21,13530
2002-02-22,13563
2002-02-25,13978
2002-02-26,13964
2002-02-27,14212
2002-02-28,14033
2002-03-01,14343
2002-03-04,14471
2002-03-05,14011
2002-03-06,13839
2002-03-07,13726
2002-03-08,13962
2002-03-11,13696
2002-03-12,14181
2002-03-13,14244
2002-03-14,14117
2002-03-15,14365
2002-03-18,14245
2002-03-19,14118
2002-03-20,14090
2002-03-21,13717
2002-03-22,13312
2002-03-25,13278
2002-03-26,13570
2002-03-27,13425
2002-03-28,13255
2002-04-01,13467
2002-04-02,13245
2002-04-03,13085
2002-04-04,13360
2002-04-05,13276
2002-04-08,13160
2002-04-09,13195
2002-04-10,13416
2002-04-11,13411
2002-04-12,13751
2002-04-15,13472
2002-04-16,13623
2002-04-17,13732
2002-04-18,13573
2002-04-19,13478
2002-04-22,13224
2002-04-23,13188
2002-04-24,13381
2002-04-25,13273
2002-04-26,13076
2002-04-29,13090
2002-04-30,13085
2002-05-02,12538
2002-05-03,12610
2002-05-06,12430
2002-05-07,12342
2002-05-08,12617
2002-05-09,12102
2002-05-10,12130
2002-05-13,12002
2002-05-14,12204
2002-05-15,12350
2002-05-16,12660
2002-05-17,12699
2002-05-20,12668
2002-05-21,12701
2002-05-22,12368
2002-05-23,12556
2002-05-24,12574
2002-05-27,12698
2002-05-28,12728
2002-05-29,12985
2002-05-31,12861
2002-06-03,12659
2002-06-04,12600
2002-06-05,12590
2002-06-06,12113
2002-06-07,12283
2002-06-10,12600
2002-06-11,12210
2002-06-12,12133
2002-06-13,11962
2002-06-14,11699
2002-06-17,11937
2002-06-18,11821
2002-06-19,11493
2002-06-20,10909
2002-06-21,10398
2002-06-24,10759
2002-06-25,10706
2002-06-26,10691
2002-06-27,11013
2002-06-28,11139
2002-07-01,10892
2002-07-02,10846
2002-07-03,10636
2002-07-04,10655
2002-07-05,10524
2002-07-08,10687
2002-07-10,10556
2002-07-11,10806
2002-07-12,10967
2002-07-15,10633
2002-07-16,10578
2002-07-17,10755
2002-07-18,10813
2002-07-19,10583
2002-07-22,9892
2002-07-23,9746
2002-07-24,9937
2002-07-25,9666
2002-07-26,9217
2002-07-29,9240
2002-07-30,9342
2002-07-31,9763
2002-08-01,9760
2002-08-02,9852
2002-08-05,9470
2002-08-06,9755
2002-08-07,9870
2002-08-08,10316
2002-08-09,9986
2002-08-12,9724
2002-08-13,9444
2002-08-14,9343
2002-08-15,9183
2002-08-16,9526
2002-08-19,9417
2002-08-20,9263
2002-08-21,9438
2002-08-22,9703
2002-08-23,9676
2002-08-26,10098
2002-08-27,10372
2002-08-28,10380
2002-08-29,10455
2002-08-30,10382
2002-09-02,10378
2002-09-03,10136
2002-09-04,9997
2002-09-05,9723
2002-09-06,9717
2002-09-09,9954
2002-09-10,9960
2002-09-11,10182
2002-09-12,10173
2002-09-13,10181
2002-09-16,9831
2002-09-17,9650
2002-09-18,9505
2002-09-19,9372
2002-09-20,9585
2002-09-23,9264
2002-09-24,9148
2002-09-25,9228
2002-09-26,9199
2002-09-27,8716
2002-09-30,8623
2002-10-01,8998
2002-10-02,8820
2002-10-03,9140
2002-10-04,9260
2002-10-07,8863
2002-10-08,8847
2002-10-09,8715
2002-10-10,8866
2002-10-11,8855
2002-10-14,8451
2002-10-15,8507
2002-10-16,8371
2002-10-17,8902
2002-10-18,9022
2002-10-21,9128
2002-10-22,9331
2002-10-23,9840
2002-10-24,9799
2002-10-25,10015
2002-10-28,9574
2002-10-29,9601
2002-10-30,10069
2002-10-31,10168
2002-11-01,10140
2002-11-04,9913
2002-11-05,9861
2002-11-06,9703
2002-11-07,9799
2002-11-08,9860
2002-11-11,9886
2002-11-12,9721
2002-11-13,9764
2002-11-14,9884
2002-11-18,9971
2002-11-19,9971
2002-11-20,10088
2002-11-21,10289
2002-11-22,10404
2002-11-25,10246
2002-11-26,10132
2002-11-27,10226
2002-11-28,10239
2002-11-29,10509
2002-12-02,10674
2002-12-03,10663
2002-12-04,10640
2002-12-05,10413
2002-12-06,10569
2002-12-09,10339
2002-12-10,10331
2002-12-11,10614
2002-12-12,10587
2002-12-13,10564
2002-12-16,10771
2002-12-17,10833
2002-12-18,10985
2002-12-19,11208
2002-12-20,11490
2002-12-23,11470
2002-12-26,11318
2002-12-27,11234
2002-12-30,11268
2003-01-02,11603
2003-01-03,11600
2003-01-06,12020
2003-01-07,11876
2003-01-08,11786
2003-01-09,11912
2003-01-10,12243
2003-01-13,12110
2003-01-14,12175
2003-01-15,11971
2003-01-16,11952
2003-01-17,11676
2003-01-20,11648
2003-01-21,11435
2003-01-22,11142
2003-01-23,11162
2003-01-24,10784
2003-01-27,10530
2003-01-28,10517
2003-01-29,10863
2003-01-30,10751
2003-01-31,10941
2003-02-03,10910
2003-02-04,10577
2003-02-05,10592
2003-02-06,10566
2003-02-07,10381
2003-02-10,10480
2003-02-11,10509
2003-02-12,10510
2003-02-13,10108
2003-02-14,10081
2003-02-17,10189
2003-02-18,10450
2003-02-19,10252
2003-02-20,10217
2003-02-21,10331
2003-02-24,10254
2003-02-25,10192
2003-02-26,9995
2003-02-27,10150
2003-02-28,10281
2003-03-05,10306
2003-03-06,10615
2003-03-07,10724
2003-03-10,10309
2003-03-11,10340
2003-03-12,10577
2003-03-13,10783
2003-03-14,10817
2003-03-17,10875
2003-03-18,11151
2003-03-19,11006
2003-03-20,11159
2003-03-21,11377
2003-03-24,11053
2003-03-25,11232
2003-03-26,11206
2003-03-27,11233
2003-03-28,11396
2003-03-31,11274
2003-04-01,11592
2003-04-02,11872
2003-04-03,12006
2003-04-04,12066
2003-04-07,12136
2003-04-08,11779
2003-04-09,11759
2003-04-10,11591
2003-04-11,11719
2003-04-14,11874
2003-04-15,12106
2003-04-16,12043
2003-04-17,12395
2003-04-22,12452
2003-04-23,12394
2003-04-24,12120
2003-04-25,12126
2003-04-28,12462
2003-04-29,12678
2003-04-30,12557
2003-05-02,12810
2003-05-05,12833
2003-05-06,12644
2003-05-07,12956
2003-05-08,12921
2003-05-09,13214
2003-05-12,13320
2003-05-13,13421
2003-05-14,13459
2003-05-15,13130
2003-05-16,13225
2003-05-19,12746
2003-05-20,12745
2003-05-21,13034
2003-05-22,13101
2003-05-23,13143
2003-05-26,12852
2003-05-27,13246
2003-05-28,13294
2003-05-29,13405
2003-05-30,13422
2003-06-02,13229
2003-06-03,13350
2003-06-04,13718
2003-06-05,13780
2003-06-06,13923
2003-06-09,13846
2003-06-10,13894
2003-06-11,13877
2003-06-12,13983
2003-06-13,13734
2003-06-16,13833
2003-06-17,13777
2003-06-18,13511
2003-06-20,13131
2003-06-23,12991
2003-06-24,13108
2003-06-25,13026
2003-06-26,13112
2003-06-27,13024
2003-06-30,12973
2003-07-01,13291
2003-07-02,13310
2003-07-03,13134
2003-07-04,13274
2003-07-07,13402
2003-07-08,13619
2003-07-10,13501
2003-07-11,13321
2003-07-14,13588
2003-07-15,13614
2003-07-16,13487
2003-07-17,13622
2003-07-18,13794
2003-07-21,13676
2003-07-22,13835
2003-07-23,13799
2003-07-24,13761
2003-07-25,13750
2003-07-28,13643
2003-07-29,13623
2003-07-30,13475
2003-07-31,13572
2003-08-01,13130
2003-08-04,12939
2003-08-05,13059
2003-08-06,12888
2003-08-07,13328
2003-08-08,13500
2003-08-11,13560
2003-08-12,13602
2003-08-13,13682
2003-08-14,13812
2003-08-15,13890
2003-08-18,14146
2003-08-19,14158
2003-08-20,14467
2003-08-21,14670
2003-08-22,14613
2003-08-25,14473
2003-08-26,14878
2003-08-27,15143
2003-08-28,15065
2003-08-29,15174
2003-09-01,15352
2003-09-02,15454
2003-09-03,15634
2003-09-04,15705
2003-09-05,15900
2003-09-08,16050
2003-09-09,15718
2003-09-10,15983
2003-09-11,16292
2003-09-12,16421
2003-09-15,16342
2003-09-16,16270
2003-09-17,16492
2003-09-18,16889
2003-09-19,16851
2003-09-22,16486
2003-09-23,16444
2003-09-24,16058
2003-09-25,15806
2003-09-26,15811
2003-09-29,16109
2003-09-30,16011
2003-10-01,16579
2003-10-02,16894
2003-10-03,17089
2003-10-06,17273
2003-10-07,17470
2003-10-08,17805
2003-10-09,17708
2003-10-10,17676
2003-10-13,18062
2003-10-14,18178
2003-10-15,17942
2003-10-16,17955
2003-10-17,17791
2003-10-20,18370
2003-10-21,18449
2003-10-22,18235
2003-10-23,17690
2003-10-24,17814
2003-10-27,17750
2003-10-28,18228
2003-10-29,17945
2003-10-30,18094
2003-10-31,17982
2003-11-03,18517
2003-11-04,18541
2003-11-05,18307
2003-11-06,18613
2003-11-07,18672
2003-11-10,18572
2003-11-11,18409
2003-11-12,18794
2003-11-13,18755
2003-11-14,18986
2003-11-17,18669
2003-11-18,18813
2003-11-19,18807
2003-11-20,19199
2003-11-21,19248
2003-11-24,19691
2003-11-25,19810
2003-11-26,19695
2003-11-27,19961
2003-11-28,20184
2003-12-01,20521
2003-12-02,20458
2003-12-03,20540
2003-12-04,20414
2003-12-05,20880
2003-12-08,20889
2003-12-09,21260
2003-12-10,20973
2003-12-11,21296
2003-12-12,20974
2003-12-15,20710
2003-12-16,20760
2003-12-17,21199
2003-12-18,21489
2003-12-19,21386
2003-12-22,21630
2003-12-23,21688
2003-12-26,21807
2003-12-29,22045
2003-12-30,22236
2004-01-02,22445
2004-01-05,23532
2004-01-06,23576
2004-01-07,23320
2004-01-08,23717
2004-01-09,23917
2004-01-12,24237
2004-01-13,23940
2004-01-14,23399
2004-01-15,22962
2004-01-16,23155
2004-01-19,23385
2004-01-20,23679
2004-01-21,23302
2004-01-22,22969
2004-01-23,23471
2004-01-26,24350
2004-01-27,24226
2004-01-28,23852
2004-01-29,22386
2004-01-30,21851
2004-02-02,21787
2004-02-03,22281
2004-02-04,21685
2004-02-05,21092
2004-02-06,21969
2004-02-09,21962
2004-02-10,22171
2004-02-11,23197
2004-02-12,23063
2004-02-13,22530
2004-02-16,22189
2004-02-17,22426
2004-02-18,22000
2004-02-19,20951
2004-02-20,21337
2004-02-25,21609
2004-02-26,21450
2004-02-27,21755
2004-03-01,22499
2004-03-02,22442
2004-03-03,22550
2004-03-04,22393
2004-03-05,22873
2004-03-08,22993
2004-03-09,22674
2004-03-10,21670
2004-03-11,20763
2004-03-12,21776
2004-03-15,21234
2004-03-16,21613
2004-03-17,21901
2004-03-18,22370
2004-03-19,22261
2004-03-22,21663
2004-03-23,21205
2004-03-24,20985
2004-03-25,21000
2004-03-26,21541
2004-03-29,21531
2004-03-30,22043
2004-03-31,22142
2004-04-01,22647
2004-04-02,22949
2004-04-05,23146
2004-04-06,23072
2004-04-07,22443
2004-04-08,22725
2004-04-12,22780
2004-04-13,22620
2004-04-14,22312
2004-04-15,21739
2004-04-16,21769
2004-04-19,21627
2004-04-20,21078
2004-04-22,21142
2004-04-23,21590
2004-04-26,21324
2004-04-27,21317
2004-04-28,20474
2004-04-29,19865
2004-04-30,19607
2004-05-03,19709
2004-05-04,19988
2004-05-05,20026
2004-05-06,19190
2004-05-07,18620
2004-05-10,17604
2004-05-11,18537
2004-05-12,18326
2004-05-13,18402
2004-05-14,18611
2004-05-17,18122
2004-05-18,18556
2004-05-19,18688
2004-05-20,18240
2004-05-21,18285
2004-05-24,18669
2004-05-25,18860
2004-05-26,19069
2004-05-27,19734
2004-05-28,19667
2004-05-31,19545
2004-06-01,19546
2004-06-02,19717
2004-06-03,19400
2004-06-04,19819
2004-06-07,20447
2004-06-08,20284
2004-06-09,19865
2004-06-11,19834
2004-06-14,19488
2004-06-15,20047
2004-06-16,20460
2004-06-17,20335
2004-06-18,20333
2004-06-21,20293
2004-06-22,20199
2004-06-23,20836
2004-06-24,20708
2004-06-25,20750
2004-06-28,20351
2004-06-29,20801
2004-06-30,21149
2004-07-01,21349
2004-07-02,21568
2004-07-05,21670
2004-07-06,21188
2004-07-07,21171
2004-07-08,20887
2004-07-12,21532
2004-07-13,21677
2004-07-14,21673
2004-07-15,22065
2004-07-16,22447
2004-07-19,22102
2004-07-20,22361
2004-07-21,21810
2004-07-22,21730
2004-07-23,21591
2004-07-26,21318
2004-07-27,21737
2004-07-28,22168
2004-07-29,22228
2004-07-30,22337
2004-08-02,22448
2004-08-03,22373
2004-08-04,22178
2004-08-05,21330
2004-08-06,21653
2004-08-09,21261
2004-08-10,21737
2004-08-11,21570
2004-08-12,21570
2004-08-13,21401
2004-08-16,21764
2004-08-17,22061
2004-08-18,22779
2004-08-19,22935
2004-08-20,23196
2004-08-23,22852
2004-08-24,22870
2004-08-25,23058
2004-08-26,22582
2004-08-27,22597
2004-08-30,22869
2004-08-31,22803
2004-09-01,22513
2004-09-02,22688
2004-09-03,22415
2004-09-06,22502
2004-09-08,22534
2004-09-09,22286
2004-09-10,21968
2004-09-13,21809
2004-09-14,22309
2004-09-15,22344
2004-09-16,22876
2004-09-17,23074
2004-09-20,23078
2004-09-21,23106
2004-09-22,22749
2004-09-23,22944
2004-09-24,22972
2004-09-27,22834
2004-09-28,23231
2004-09-29,23208
2004-09-30,23245
2004-10-01,23777
2004-10-04,24150
2004-10-05,24205
2004-10-06,24027
2004-10-07,24104
2004-10-08,23927
2004-10-11,23954
2004-10-13,23289
2004-10-14,22959
2004-10-15,23368
2004-10-18,23411
2004-10-19,22893
2004-10-20,22873
2004-10-21,23059
2004-10-22,22735
2004-10-25,22603
2004-10-26,22849
2004-10-27,23171
2004-10-28,22929
2004-10-29,23052
2004-11-01,23273
2004-11-03,23660
2004-11-04,23880
2004-11-05,23542
2004-11-08,23212
2004-11-09,23216
2004-11-10,23455
2004-11-11,23521
2004-11-12,24035
2004-11-16,23772
2004-11-17,24170
2004-11-18,24143
2004-11-19,24034
2004-11-22,24445
2004-11-23,24340
2004-11-24,24368
2004-11-25,24867
2004-11-26,24998
2004-11-29,24855
2004-11-30,25128
2004-12-01,25235
2004-12-02,25200
2004-12-03,25468
2004-12-06,25633
2004-12-07,24989
2004-12-08,24968
2004-12-09,24526
2004-12-10,24933
2004-12-13,25225
2004-12-14,25563
2004-12-15,25576
2004-12-16,25831
2004-12-17,25659
2004-12-20,25537
2004-12-21,25890
2004-12-22,25723
2004-12-23,25878
2004-12-27,25937
2004-12-28,26117
2004-12-29,26161
2004-12-30,26196
2005-01-03,25722
2005-01-04,24848
2005-01-05,24692
2005-01-06,24367
2005-01-07,24747
2005-01-10,24292
2005-01-11,24370
2005-01-12,24510
2005-01-13,24806
2005-01-14,24924
2005-01-17,24515
2005-01-18,24089
2005-01-19,24271
2005-01-20,23610
2005-01-21,23818
2005-01-24,24198
2005-01-26,24530
2005-01-27,24030
2005-01-28,23968
2005-01-31,24353
2005-02-01,24149
2005-02-02,24605
2005-02-03,24874
2005-02-04,25732
2005-02-09,26314
2005-02-10,26416
2005-02-11,26671
2005-02-14,26532
2005-02-15,26610
2005-02-16,26384
2005-02-17,27091
2005-02-18,26756
2005-02-21,26853
2005-02-22,26740
2005-02-23,27198
2005-02-24,28436
2005-02-25,28425
2005-02-28,28139
2005-03-01,27730
2005-03-02,28200
2005-03-03,28668
2005-03-04,29197
2005-03-07,29455
2005-03-08,29021
2005-03-09,28514
2005-03-10,28567
2005-03-11,28075
2005-03-14,28099
2005-03-15,27588
2005-03-16,27827
2005-03-17,28086
2005-03-18,27593
2005-03-21,27411
2005-03-22,26618
2005-03-23,26248
2005-03-24,26702
2005-03-28,26257
2005-03-29,25842
2005-03-30,26470
2005-03-31,26611
2005-04-01,26774
2005-04-04,26407
2005-04-05,26038
2005-04-06,25695
2005-04-07,26308
2005-04-08,25885
2005-04-11,25900
2005-04-12,26206
2005-04-13,26066
2005-04-14,24984
2005-04-15,24656
2005-04-18,24877
2005-04-19,25566
2005-04-20,25062
2005-04-22,24767
2005-04-25,25232
2005-04-26,25305
2005-04-27,25242
2005-04-28,24440
2005-04-29,24844
2005-05-02,24705
2005-05-03,24716
2005-05-04,25474
2005-05-05,25436
2005-05-06,25589
2005-05-09,25465
2005-05-10,24763
2005-05-11,24699
2005-05-12,24117
2005-05-13,23887
2005-05-16,24379
2005-05-17,24413
2005-05-18,24898
2005-05-19,24829
2005-05-20,24522
2005-05-23,24215
2005-05-24,24545
2005-05-25,24478
2005-05-27,25255
2005-05-30,25424
2005-05-31,25207
2005-06-01,25949
2005-06-02,26640
2005-06-03,26366
2005-06-06,25556
2005-06-07,25026
2005-06-08,24702
2005-06-09,24484
2005-06-10,24951
2005-06-13,24902
2005-06-14,25744
2005-06-15,25481
2005-06-16,25751
2005-06-17,26093
2005-06-20,26046
2005-06-21,25722
2005-06-22,25678
2005-06-23,24816
2005-06-24,24917
2005-06-27,25226
2005-06-28,25261
2005-06-29,25126
2005-06-30,25051
2005-07-01,25311
2005-07-04,25045
2005-07-05,24675
2005-07-06,24517
2005-07-07,24450
2005-07-08,24423
2005-07-11,25016
2005-07-12,25536
2005-07-13,25856
2005-07-14,25920
2005-07-15,25222
2005-07-18,25321
2005-07-19,25271
2005-07-20,25705
2005-07-21,25842
2005-07-22,25391
2005-07-25,24531
2005-07-26,24868
2005-07-27,25338
2005-07-28,26068
2005-07-29,26042
2005-08-01,26298
2005-08-02,26789
2005-08-03,26714
2005-08-04,26470
2005-08-05,26518
2005-08-08,26711
2005-08-09,27291
2005-08-10,27117
2005-08-11,26633
2005-08-12,26951
2005-08-15,27375
2005-08-16,27080
2005-08-17,27416
2005-08-18,26900
2005-08-19,26644
2005-08-22,27261
2005-08-23,26769
2005-08-24,26712
2005-08-25,27402
2005-08-26,27095
2005-08-29,27385
2005-08-30,27604
2005-08-31,28045
2005-09-01,27962
2005-09-02,28319
2005-09-05,28522
2005-09-06,28855
2005-09-08,28828
2005-09-09,29308
2005-09-12,29086
2005-09-13,28873
2005-09-14,29050
2005-09-15,29366
2005-09-16,29816
2005-09-19,30076
2005-09-20,30059
2005-09-21,30837
2005-09-22,30678
2005-09-23,31294
2005-09-26,31141
2005-09-27,30875
2005-09-28,31317
2005-09-29,31209
2005-09-30,31584
2005-10-03,31856
2005-10-04,31284
2005-10-05,30164
2005-10-06,29227
2005-10-07,29973
2005-10-10,30277
2005-10-11,30614
2005-10-13,29880
2005-10-14,29770
2005-10-17,30242
2005-10-18,29068
2005-10-19,29297
2005-10-20,28344
2005-10-21,29176
2005-10-24,29835
2005-10-25,29498
2005-10-26,29730
2005-10-27,29133
2005-10-28,29318
2005-10-31,30194
2005-11-01,30900
2005-11-03,31100
2005-11-04,30888
2005-11-07,30952
2005-11-08,30971
2005-11-09,30666
2005-11-10,30725
2005-11-11,30511
2005-11-14,30219
2005-11-16,30482
2005-11-17,31087
2005-11-18,31102
2005-11-21,31110
2005-11-22,31489
2005-11-23,31943
2005-11-24,31945
2005-11-25,31920
2005-11-28,31358
2005-11-29,31652
2005-11-30,31917
2005-12-01,32617
2005-12-02,32832
2005-12-05,32701
2005-12-06,33223
2005-12-07,32757
2005-12-08,32480
2005-12-09,32922
2005-12-12,32971
2005-12-13,33420
2005-12-14,33629
2005-12-15,33193
2005-12-16,33292
2005-12-19,33005
2005-12-20,33067
2005-12-21,33517
2005-12-22,33513
2005-12-23,33331
2005-12-26,33298
2005-12-27,33371
2005-12-28,33138
2005-12-29,33456
2006-01-02,33507
2006-01-03,34541
2006-01-04,35002
2006-01-05,34936
2006-01-06,35475
2006-01-09,35337
2006-01-10,35049
2006-01-11,35952
2006-01-12,35779
2006-01-13,35897
2006-01-16,36534
2006-01-17,36119
2006-01-18,35805
2006-01-19,36858
2006-01-20,36695
2006-01-23,36632
2006-01-24,37400
2006-01-26,38014
2006-01-27,37822
2006-01-30,38242
2006-01-31,38383
2006-02-01,38485
2006-02-02,37304
2006-02-03,37262
2006-02-06,37321
2006-02-07,36562
2006-02-08,36499
2006-02-09,36882
2006-02-10,36975
2006-02-13,36114
2006-02-14,36627
2006-02-15,37239
2006-02-16,38256
2006-02-17,38422
2006-02-20,38539
2006-02-21,38166
2006-02-22,38246
2006-02-23,38405
2006-02-24,38610
2006-03-01,39178
2006-03-02,39126
2006-03-03,39240
2006-03-06,38354
2006-03-07,37423
2006-03-08,37289
2006-03-09,36312
2006-03-10,36891
2006-03-13,36793
2006-03-14,37541
2006-03-15,38244
2006-03-16,38157
2006-03-17,38049
2006-03-20,38204
2006-03-21,37398
2006-03-22,37851
2006-03-23,37474
2006-03-24,37577
2006-03-27,37641
2006-03-28,36682
2006-03-29,37492
2006-03-30,37777
2006-03-31,37952
2006-04-03,38717
2006-04-04,38802
2006-04-05,39053
2006-04-06,39285
2006-04-07,38926
2006-04-10,38475
2006-04-11,37901
2006-04-12,38427
2006-04-13,38082
2006-04-17,38462
2006-04-18,39572
2006-04-19,39938
2006-04-20,39775
2006-04-24,39751
2006-04-25,39738
2006-04-26,40410
2006-04-27,39751
2006-04-28,40363
2006-05-02,41017
2006-05-03,40920
2006-05-04,40976
2006-05-05,41417
2006-05-08,41515
2006-05-09,41979
2006-05-10,41752
2006-05-11,40847
2006-05-12,40223
2006-05-15,39271
2006-05-16,39416
2006-05-17,38291
2006-05-18,37807
2006-05-19,37733
2006-05-22,36497
2006-05-23,36110
2006-05-24,35792
2006-05-25,37569
2006-05-26,38630
2006-05-29,38145
2006-05-30,36413
2006-05-31,36530
2006-06-01,37748
2006-06-02,37942
2006-06-05,36740
2006-06-06,36558
2006-06-07,35264
2006-06-08,35438
2006-06-09,35075
2006-06-12,33555
2006-06-13,32848
2006-06-14,32941
2006-06-16,34399
2006-06-19,33897
2006-06-20,33632
2006-06-21,34547
2006-06-22,34317
2006-06-23,34661
2006-06-26,34631
2006-06-27,34376
2006-06-28,34835
2006-06-29,36487
2006-06-30,36631
2006-07-03,37357
2006-07-04,37367
2006-07-05,36378
2006-07-06,36533
2006-07-07,36102
2006-07-10,36141
2006-07-11,36554
2006-07-12,36230
2006-07-13,35354
2006-07-14,35350
2006-07-17,34866
2006-07-18,35130
2006-07-19,36785
2006-07-20,35847
2006-07-21,35510
2006-07-24,36224
2006-07-25,36681
2006-07-26,36594
2006-07-27,36888
2006-07-28,37381
2006-07-31,37077
2006-08-01,36839
2006-08-02,37288
2006-08-03,37451
2006-08-04,37848
2006-08-07,37698
2006-08-08,37600
2006-08-09,37255
2006-08-10,37354
2006-08-11,36944
2006-08-14,36557
2006-08-15,37296
2006-08-16,37678
2006-08-17,37559
2006-08-18,37552
2006-08-21,37161
2006-08-22,36678
2006-08-23,35512
2006-08-24,35797
2006-08-25,35958
2006-08-28,36375
2006-08-29,36304
2006-08-30,36313
2006-08-31,36232
2006-09-01,37329
2006-09-04,37693
2006-09-05,37368
2006-09-06,36710
2006-09-08,36558
2006-09-11,35772
2006-09-12,36147
2006-09-13,36550
2006-09-14,36154
2006-09-15,36170
2006-09-18,36483
2006-09-19,35886
2006-09-20,35197
2006-09-21,34830
2006-09-22,34799
2006-09-25,34973
2006-09-26,35819
2006-09-27,36106
2006-09-28,36486
2006-09-29,36449
2006-10-02,37058
2006-10-03,36438
2006-10-04,37749
2006-10-05,37977
2006-10-06,37940
2006-10-09,38406
2006-10-10,38655
2006-10-11,38322
2006-10-13,38850
2006-10-16,39229
2006-10-17,38898
2006-10-18,38686
2006-10-19,38920
2006-10-20,38643
2006-10-23,39227
2006-10-24,39499
2006-10-25,39563
2006-10-26,39645
2006-10-27,39328
2006-10-30,38900
2006-10-31,39263
2006-11-01,39930
2006-11-03,40435
2006-11-06,41247
2006-11-07,41048
2006-11-08,41334
2006-11-09,40815
2006-11-10,40720
2006-11-13,40606
2006-11-14,41291
2006-11-16,41162
2006-11-17,41029
2006-11-21,41570
2006-11-22,41913
2006-11-23,42070
2006-11-24,41758
2006-11-27,40915
2006-11-28,41043
2006-11-29,41970
2006-11-30,41932
2006-12-01,41327
2006-12-04,42654
2006-12-05,43157
2006-12-06,43096
2006-12-07,42909
2006-12-08,42978
2006-12-11,43297
2006-12-12,43018
2006-12-13,43285
2006-12-14,43755
2006-12-15,43596
2006-12-18,43509
2006-12-19,43590
2006-12-20,43502
2006-12-21,43385
2006-12-22,43356
2006-12-26,43603
2006-12-27,44526
2006-12-28,44474
2007-01-02,45383
2007-01-03,44445
2007-01-04,44020
2007-01-05,42245
2007-01-08,42830
2007-01-09,42007
2007-01-10,42336
2007-01-11,42670
2007-01-12,43095
2007-01-15,42919
2007-01-16,42624
2007-01-17,42735
2007-01-18,42478
2007-01-19,43428
2007-01-22,43553
2007-01-23,44177
2007-01-24,44687
2007-01-26,44412
2007-01-29,43573
2007-01-30,44044
2007-01-31,44642
2007-02-01,44815
2007-02-02,44998
2007-02-05,45286
2007-02-06,45352
2007-02-07,44588
2007-02-08,44892
2007-02-09,44284
2007-02-12,43935
2007-02-13,45197
2007-02-14,45996
2007-02-15,45955
2007-02-16,45849
2007-02-20,45849
2007-02-21,46090
2007-02-22,46452
2007-02-23,46016
2007-02-26,46207
2007-02-27,43145
2007-02-28,43892
2007-03-01,43517
2007-03-02,42370
2007-03-05,41179
2007-03-06,43218
2007-03-07,42667
2007-03-08,43466
2007-03-09,44133
2007-03-12,44249
2007-03-13,42749
2007-03-14,43288
2007-03-15,43278
2007-03-16,42730
2007-03-19,43713
2007-03-20,44351
2007-03-21,45631
2007-03-22,45424
2007-03-23,45533
2007-03-26,45645
2007-03-27,45207
2007-03-28,44484
2007-03-29,45355
2007-03-30,45805
2007-04-02,45597
2007-04-03,46288
2007-04-04,46554
2007-04-05,46647
2007-04-09,46855
2007-04-10,47174
2007-04-11,46939
2007-04-12,47347
2007-04-13,47926
2007-04-16,48921
2007-04-17,48755
2007-04-18,48710
2007-04-19,48762
2007-04-20,49408
2007-04-23,49162
2007-04-24,49071
2007-04-25,49676
2007-04-26,49068
2007-04-27,49230
2007-04-30,48956
2007-05-02,49472
2007-05-03,50218
2007-05-04,50598
2007-05-07,50282
2007-05-08,50278
2007-05-09,51300
2007-05-10,50235
2007-05-11,50902
2007-05-14,50511
2007-05-15,50518
2007-05-16,51738
2007-05-17,51631
2007-05-18,52078
2007-05-21,52423
2007-05-22,52208
2007-05-23,51813
2007-05-24,50531
2007-05-25,51618
2007-05-28,52120
2007-05-29,51713
2007-05-30,52528
2007-05-31,52268
2007-06-01,53423
2007-06-04,53243
2007-06-05,53162
2007-06-06,52049
2007-06-08,52330
2007-06-11,52777
2007-06-12,51797
2007-06-13,52994
2007-06-14,53713
2007-06-15,54519
2007-06-18,54730
2007-06-19,54644
2007-06-20,54029
2007-06-21,54657
2007-06-22,54267
2007-06-25,54042
2007-06-26,53852
2007-06-27,54143
2007-06-28,54147
2007-06-29,54392
2007-07-02,55371
2007-07-03,55700
2007-07-04,55696
2007-07-05,55932
2007-07-06,56444
2007-07-10,55883
2007-07-11,56356
2007-07-12,57613
2007-07-13,57644
2007-07-16,57374
2007-07-17,57660
2007-07-18,57556
2007-07-19,58125
2007-07-20,57443
2007-07-23,58037
2007-07-24,55795
2007-07-25,56001
2007-07-26,53893
2007-07-27,52922
2007-07-30,54573
2007-07-31,54183
2007-08-01,54234
2007-08-02,54691
2007-08-03,52846
2007-08-06,53091
2007-08-07,53802
2007-08-08,55241
2007-08-09,53431
2007-08-10,52638
2007-08-13,52434
2007-08-14,50912
2007-08-15,49285
2007-08-16,48016
2007-08-17,48559
2007-08-20,49206
2007-08-21,49815
2007-08-22,51745
2007-08-23,51848
2007-08-24,52998
2007-08-27,53078
2007-08-28,51645
2007-08-29,52735
2007-08-30,52858
2007-08-31,54637
2007-09-03,54833
2007-09-04,55250
2007-09-05,54408
2007-09-06,54569
2007-09-10,52653
2007-09-11,53921
2007-09-12,53883
2007-09-13,54908
2007-09-14,54671
2007-09-17,54341
2007-09-18,56666
2007-09-19,57264
2007-09-20,56906
2007-09-21,57799
2007-09-24,58719
2007-09-25,58858
2007-09-26,59715
2007-09-27,61052
2007-09-28,60465
2007-10-01,62340
2007-10-02,62017
2007-10-03,60099
2007-10-04,60407
2007-10-05,62319
2007-10-08,62661
2007-10-09,63549
2007-10-10,63197
2007-10-11,62456
2007-10-15,62969
2007-10-16,61718
2007-10-17,63194
2007-10-18,63261
2007-10-19,60894
2007-10-22,61215
2007-10-23,62697
2007-10-24,62625
2007-10-25,62341
2007-10-26,64276
2007-10-29,65044
2007-10-30,64383
2007-10-31,65318
2007-11-01,64050
2007-11-05,62960
2007-11-06,64503
2007-11-07,63501
2007-11-08,63562
2007-11-09,64321
2007-11-12,61527
2007-11-13,62927
2007-11-14,64631
2007-11-16,64609
2007-11-19,62336
2007-11-21,60582
2007-11-22,60653
2007-11-23,60971
2007-11-26,59069
2007-11-27,59432
2007-11-28,61715
2007-11-29,62156
2007-11-30,63006
2007-12-03,63200
2007-12-04,63482
2007-12-05,64928
2007-12-06,65791
2007-12-07,65639
2007-12-10,65446
2007-12-11,64512
2007-12-12,64742
2007-12-13,62861
2007-12-14,62445
2007-12-17,59828
2007-12-18,61096
2007-12-19,61722
2007-12-20,61716
2007-12-21,63098
2007-12-26,64288
2007-12-27,63774
2007-12-28,63886
2008-01-02,62815
2008-01-03,62892
2008-01-04,61037
2008-01-07,60772
2008-01-08,62081
2008-01-09,62674
2008-01-10,63515
2008-01-11,61942
2008-01-14,62188
2008-01-15,59907
2008-01-16,58777
2008-01-17,57037
2008-01-18,57506
2008-01-21,53709
2008-01-22,56097
2008-01-23,54235
2008-01-24,57463
2008-01-28,58594
2008-01-29,59530
2008-01-30,60289
2008-01-31,59490
2008-02-01,61080
2008-02-06,58969
2008-02-07,58965
2008-02-08,59076
2008-02-11,60643
2008-02-12,61805
2008-02-13,62591
2008-02-14,61819
2008-02-15,61272
2008-02-18,62801
2008-02-19,62297
2008-02-20,63747
2008-02-21,63792
2008-02-22,64609
2008-02-25,65001
2008-02-26,65183
2008-02-27,65495
2008-02-28,65555
2008-02-29,63489
2008-03-03,64490
2008-03-04,63656
2008-03-05,64629
2008-03-06,62975
2008-03-07,61868
2008-03-10,59999
2008-03-11,62368
2008-03-12,62177
2008-03-13,62280
2008-03-14,61991
2008-03-17,60012
2008-03-18,61933
2008-03-19,58827
2008-03-20,58987
2008-03-24,59813
2008-03-25,61234
2008-03-26,61415
2008-03-27,60762
2008-03-28,60452
2008-03-31,60968
2008-04-01,62775
2008-04-02,63364
2008-04-03,64175
2008-04-04,64446
2008-04-07,64176
2008-04-08,64540
2008-04-09,63477
2008-04-10,63527
2008-04-11,62585
2008-04-14,62153
2008-04-15,62618
2008-04-16,64152
2008-04-17,64552
2008-04-18,64923
2008-04-22,65413
2008-04-23,64948
2008-04-24,64576
2008-04-25,65187
2008-04-28,65678
2008-04-29,63826
2008-04-30,67868
2008-05-02,69366
2008-05-05,70175
2008-05-06,70195
2008-05-07,69018
2008-05-08,69722
2008-05-09,69646
2008-05-12,70416
2008-05-13,70503
2008-05-14,70027
2008-05-15,71492
2008-05-16,72767
2008-05-19,73439
2008-05-20,73517
2008-05-21,72295
2008-05-23,71452
2008-05-26,71629
2008-05-27,70992
2008-05-28,73153
2008-05-29,71798
2008-05-30,72593
2008-06-02,71897
2008-06-03,70012
2008-06-04,68673
2008-06-05,71209
2008-06-06,69786
2008-06-09,69281
2008-06-10,67775
2008-06-11,66795
2008-06-12,67320
2008-06-13,67204
2008-06-16,67285
2008-06-17,68438
2008-06-18,67090
2008-06-19,66590
2008-06-20,64614
2008-06-23,64640
2008-06-24,64168
2008-06-25,65853
2008-06-26,63947
2008-06-27,64321
2008-06-30,65018
2008-07-01,63396
2008-07-02,61106
2008-07-03,59273
2008-07-04,59365
2008-07-07,59088
2008-07-08,59536
2008-07-10,60253
2008-07-11,60148
2008-07-14,60721
2008-07-15,61015
2008-07-16,62056
2008-07-17,60109
2008-07-18,59988
2008-07-21,60772
2008-07-22,59647
2008-07-23,59421
2008-07-24,57434
2008-07-25,57199
2008-07-28,56869
2008-07-29,58043
2008-07-30,59998
2008-07-31,59505
2008-08-01,57630
2008-08-04,55609
2008-08-05,56471
2008-08-06,57542
2008-08-07,57018
2008-08-08,56584
2008-08-11,54720
2008-08-12,54503
2008-08-13,54573
2008-08-14,55138
2008-08-15,54244
2008-08-18,53327
2008-08-19,53639
2008-08-20,55377
2008-08-21,55935
2008-08-22,55850
2008-08-25,54477
2008-08-26,54359
2008-08-27,55519
2008-08-28,56382
2008-08-29,55680
2008-09-01,55162
2008-09-02,54404
2008-09-03,53527
2008-09-04,51409
2008-09-05,51940
2008-09-08,50718
2008-09-09,48435
2008-09-10,49633
2008-09-11,51270
2008-09-12,52393
2008-09-15,48416
2008-09-16,49229
2008-09-17,45909
2008-09-18,48423
2008-09-19,53055
2008-09-22,51541
2008-09-23,49593
2008-09-24,49843
2008-09-25,51828
2008-09-26,50783
2008-09-29,46028
2008-09-30,49541
2008-10-01,49799
2008-10-02,46145
2008-10-03,44517
2008-10-06,42101
2008-10-07,40140
2008-10-08,38594
2008-10-09,37080
2008-10-10,35610
2008-10-13,40829
2008-10-14,41569
2008-10-15,36833
2008-10-16,36442
2008-10-17,36399
2008-10-20,39441
2008-10-21,39043
2008-10-22,35070
2008-10-23,33818
2008-10-24,31482
2008-10-27,29435
2008-10-28,33387
2008-10-29,34845
2008-10-30,37449
2008-10-31,37257
2008-11-03,38249
2008-11-04,40255
2008-11-05,37786
2008-11-06,36362
2008-11-07,36665
2008-11-10,36776
2008-11-11,37262
2008-11-12,34374
2008-11-13,35993
2008-11-14,35789
2008-11-17,35717
2008-11-18,34095
2008-11-19,33405
2008-11-21,31251
2008-11-24,34189
2008-11-25,34813
2008-11-26,36470
2008-11-27,36213
2008-11-28,36596
2008-12-01,34741
2008-12-02,35001
2008-12-03,35297
2008-12-04,35128
2008-12-05,35347
2008-12-08,38285
2008-12-09,37968
2008-12-10,39004
2008-12-11,38519
2008-12-12,39374
2008-12-15,38320
2008-12-16,39993
2008-12-17,39947
2008-12-18,39536
2008-12-19,39131
2008-12-22,37619
2008-12-23,36471
2008-12-26,36864
2008-12-29,37060
2008-12-30,37550
2009-01-02,40244
2009-01-05,41519
2009-01-06,42312
2009-01-07,40820
2009-01-08,41991
2009-01-09,41583
2009-01-12,39403
2009-01-13,39544
2009-01-14,37982
2009-01-15,39151
2009-01-16,39342
2009-01-19,38828
2009-01-20,37272
2009-01-21,38543
2009-01-22,37894
2009-01-23,38132
2009-01-26,38509
2009-01-27,38699
2009-01-28,40227
2009-01-29,39638
2009-01-30,39301
2009-02-02,38666
2009-02-03,39747
2009-02-04,40129
2009-02-05,41109
2009-02-06,42756
2009-02-09,42100
2009-02-10,41207
2009-02-11,40846
2009-02-12,40501
2009-02-13,41674
2009-02-16,41841
2009-02-17,39847
2009-02-18,39674
2009-02-19,39730
2009-02-20,38715
2009-02-25,38232
2009-02-26,38180
2009-02-27,38183
2009-03-02,36235
2009-03-03,36468
2009-03-04,38402
2009-03-05,37369
2009-03-06,37105
2009-03-09,36741
2009-03-10,38795
2009-03-11,38805
2009-03-12,39152
2009-03-13,39015
2009-03-16,38607
2009-03-17,39511
2009-03-18,40142
2009-03-19,40453
2009-03-20,40076
2009-03-23,42439
2009-03-24,41476
2009-03-25,41799
2009-03-26,42589
2009-03-27,41907
2009-03-30,40653
2009-03-31,40926
2009-04-01,41976
2009-04-02,43736
2009-04-03,44391
2009-04-06,44167
2009-04-07,43825
2009-04-08,44182
2009-04-09,45539
2009-04-13,45992
2009-04-14,45418
2009-04-15,45273
2009-04-16,46025
2009-04-17,45778
2009-04-20,44433
2009-04-22,44888
2009-04-23,45801
2009-04-24,46772
2009-04-27,45820
2009-04-28,45821
2009-04-29,47227
2009-04-30,47290
2009-05-04,50405
2009-05-05,50670
2009-05-06,51499
2009-05-07,50058
2009-05-08,51396
2009-05-11,50976
2009-05-12,50326
2009-05-13,48679
2009-05-14,49446
2009-05-15,49007
2009-05-18,51463
2009-05-19,51347
2009-05-20,51245
2009-05-21,50087
2009-05-22,50568
2009-05-25,50816
2009-05-26,51841
2009-05-27,51792
2009-05-28,53041
2009-05-29,53198
2009-06-01,54486
2009-06-02,54000
2009-06-03,52087
2009-06-04,53464
2009-06-05,53341
2009-06-08,53630
2009-06-09,53157
2009-06-10,53411
2009-06-12,53558
2009-06-15,52034
2009-06-16,51206
2009-06-17,51046
2009-06-18,50903
2009-06-19,51374
2009-06-22,49495
2009-06-23,49814
2009-06-24,49672
2009-06-25,51515
2009-06-26,51486
2009-06-29,52138
2009-06-30,51465
2009-07-01,51544
2009-07-02,51025
2009-07-03,50935
2009-07-06,50622
2009-07-07,49457
2009-07-08,49178
2009-07-10,49221
2009-07-13,49187
2009-07-14,48873
2009-07-15,51297
2009-07-16,51918
2009-07-17,52072
2009-07-20,53155
2009-07-21,53234
2009-07-22,53073
2009-07-23,54249
2009-07-24,54457
2009-07-27,54549
2009-07-28,54472
2009-07-29,53735
2009-07-30,54478
2009-07-31,54766
2009-08-03,55998
2009-08-04,56038
2009-08-05,56384
2009-08-06,55755
2009-08-07,56330
2009-08-10,56830
2009-08-11,55761
2009-08-12,56588
2009-08-13,57048
2009-08-14,56638
2009-08-17,55218
2009-08-18,55749
2009-08-19,56156
2009-08-20,56831
2009-08-21,57729
2009-08-24,57775
2009-08-25,57421
2009-08-26,57766
2009-08-27,57704
2009-08-28,57701
2009-08-31,56489
2009-09-01,55815
2009-09-02,55386
2009-09-03,55707
2009-09-04,56652
2009-09-08,57855
2009-09-09,57910
2009-09-10,58536
2009-09-11,58366
2009-09-14,58868
2009-09-15,59264
2009-09-16,60411
2009-09-17,60236
2009-09-18,60703
2009-09-21,60928
2009-09-22,61493
2009-09-23,60496
2009-09-24,60046
2009-09-25,60356
2009-09-28,61317
2009-09-29,61235
2009-09-30,61518
2009-10-01,60459
2009-10-02,61172
2009-10-05,62369
2009-10-06,62671
2009-10-07,62638
2009-10-08,63760
2009-10-09,64071
2009-10-13,64646
2009-10-14,66201
2009-10-15,66703
2009-10-16,66200
2009-10-19,67239
2009-10-20,65303
2009-10-21,65486
2009-10-22,66135
2009-10-23,65059
2009-10-26,65086
2009-10-27,63161
2009-10-28,60162
2009-10-29,63721
2009-10-30,61546
2009-11-03,62643
2009-11-04,63913
2009-11-05,64816
2009-11-06,64466
2009-11-09,66214
2009-11-10,66303
2009-11-11,66431
2009-11-12,64448
2009-11-13,65326
2009-11-16,66627
2009-11-17,67406
2009-11-18,66516
2009-11-19,66327
2009-11-23,66809
2009-11-24,67317
2009-11-25,67917
2009-11-26,66392
2009-11-27,67082
2009-11-30,67044
2009-12-01,68408
2009-12-02,68615
2009-12-03,68315
2009-12-04,67604
2009-12-07,68512
2009-12-08,67729
2009-12-09,68012
2009-12-10,68728
2009-12-11,69267
2009-12-14,69349
2009-12-15,69311
2009-12-16,68622
2009-12-17,67068
2009-12-18,66794
2009-12-21,65925
2009-12-22,67418
2009-12-23,67589
2009-12-28,67902
2009-12-29,68296
2009-12-30,68588
2010-01-04,70045
2010-01-05,70240
2010-01-06,70729
2010-01-07,70451
2010-01-08,70263
2010-01-11,70433
2010-01-12,70076
2010-01-13,70385
2010-01-14,69801
2010-01-15,68978
2010-01-18,69401
2010-01-19,69909
2010-01-20,68200
2010-01-21,66270
2010-01-22,66220
2010-01-26,65524
2010-01-27,65070
2010-01-28,65588
2010-01-29,65402
2010-02-01,66572
2010-02-02,67163
2010-02-03,67109
2010-02-04,63934
2010-02-05,62763
2010-02-08,63153
2010-02-09,64718
2010-02-10,65051
2010-02-11,66129
2010-02-12,65855
2010-02-17,67285
2010-02-18,67836
2010-02-19,67597
2010-02-22,67184
2010-02-23,66108
2010-02-24,65795
2010-02-25,66121
2010-02-26,66503
2010-03-01,67228
2010-03-02,67779
2010-03-03,67641
2010-03-04,67815
2010-03-05,68847
2010-03-08,68575
2010-03-09,69576
2010-03-10,69979
2010-03-11,69885
2010-03-12,69341
2010-03-15,69024
2010-03-16,69942
2010-03-17,69723
2010-03-18,69697
2010-03-19,68829
2010-03-22,69042
2010-03-23,69387
2010-03-24,68913
2010-03-25,68442
2010-03-26,68683
2010-03-29,69939
2010-03-30,69960
2010-03-31,70372
2010-04-01,71136
2010-04-05,71290
2010-04-06,71096
2010-04-07,70793
2010-04-08,71785
2010-04-09,71417
2010-04-12,70614
2010-04-13,70792
2010-04-14,71035
2010-04-15,70524
2010-04-16,69421
2010-04-19,69098
2010-04-20,69318
2010-04-22,69386
2010-04-23,69509
2010-04-26,68872
2010-04-27,66511
2010-04-28,66656
2010-04-29,67978
2010-04-30,67530
2010-05-03,67119
2010-05-04,64869
2010-05-05,64914
2010-05-06,63414
2010-05-07,62871
2010-05-10,65453
2010-05-11,64425
2010-05-12,65224
2010-05-13,64788
2010-05-14,63412
2010-05-17,62866
2010-05-18,60841
2010-05-19,59689
2010-05-20,58192
2010-05-21,60259
2010-05-24,59915
2010-05-25,59184
2010-05-26,60190
2010-05-27,62092
2010-05-28,61947
2010-05-31,63047
2010-06-01,61841
2010-06-02,62943
2010-06-04,61676
2010-06-07,61183
2010-06-08,61794
2010-06-09,61479
2010-06-10,63049
2010-06-11,63605
2010-06-14,63533
2010-06-15,64442
2010-06-16,64751
2010-06-17,64541
2010-06-18,64438
2010-06-21,64829
2010-06-22,64811
2010-06-23,65160
2010-06-24,63937
2010-06-25,64824
2010-06-28,64225
2010-06-29,61978
2010-06-30,60936
2010-07-01,61236
2010-07-02,61430
2010-07-05,60865
2010-07-06,62065
2010-07-07,63284
2010-07-08,63476
2010-07-12,62960
2010-07-13,63686
2010-07-14,63479
2010-07-15,63489
2010-07-16,62339
2010-07-19,63297
2010-07-20,64463
2010-07-21,64477
2010-07-22,65748
2010-07-23,66323
2010-07-26,66443
2010-07-27,66674
2010-07-28,66808
2010-07-29,66954
2010-07-30,67515
2010-08-02,68517
2010-08-03,67997
2010-08-04,68272
2010-08-05,68412
2010-08-06,68095
2010-08-09,67862
2010-08-10,67223
2010-08-11,65790
2010-08-12,65966
2010-08-13,66264
2010-08-16,66702
2010-08-17,67584
2010-08-18,67638
2010-08-19,66887
2010-08-20,66677
2010-08-23,65982
2010-08-24,65156
2010-08-25,64803
2010-08-26,63867
2010-08-27,65585
2010-08-30,64261
2010-08-31,65145
2010-09-01,67073
2010-09-02,66808
2010-09-03,66679
2010-09-06,66747
2010-09-08,66407
2010-09-09,66624
2010-09-10,66807
2010-09-13,68031
2010-09-14,67692
2010-09-15,68107
2010-09-16,67663
2010-09-17,67089
2010-09-20,68190
2010-09-21,67719
2010-09-22,68325
2010-09-23,68794
2010-09-24,68196
2010-09-27,68816
2010-09-28,69228
2010-09-29,69228
2010-09-30,69430
2010-10-01,70229
2010-10-04,70385
2010-10-05,71283
2010-10-06,70541
2010-10-07,69918
2010-10-08,70809
2010-10-11,70946
2010-10-13,71675
2010-10-14,71692
2010-10-15,71830
2010-10-18,71736
2010-10-19,69864
2010-10-20,70405
2010-10-21,69652
2010-10-22,69530
2010-10-25,69580
2010-10-26,70740
2010-10-27,70569
2010-10-28,70320
2010-10-29,70673
2010-11-01,71561
2010-11-03,71905
2010-11-04,72996
2010-11-05,72607
2010-11-08,72657
2010-11-09,71679
2010-11-10,71638
2010-11-11,71195
2010-11-12,70367
2010-11-16,69192
2010-11-17,69709
2010-11-18,70781
2010-11-19,70898
2010-11-22,69633
2010-11-23,67953
2010-11-24,69629
2010-11-25,69362
2010-11-26,68226
2010-11-29,67908
2010-11-30,67705
2010-12-01,69346
2010-12-02,69527
2010-12-03,69766
2010-12-06,69552
2010-12-07,69338
2010-12-08,68175
2010-12-09,67879
2010-12-10,68342
2010-12-13,69126
2010-12-14,68743
2010-12-15,67870
2010-12-16,67306
2010-12-17,67981
2010-12-20,67264
2010-12-21,68215
2010-12-22,68471
2010-12-23,68486
2010-12-27,67803
2010-12-28,68041
2010-12-29,68952
2010-12-30,69305
2011-01-03,69962
2011-01-04,70318
2011-01-05,71091
2011-01-06,70579
2011-01-07,70057
2011-01-10,70127
2011-01-11,70423
2011-01-12,71633
2011-01-13,70721
2011-01-14,70940
2011-01-17,70609
2011-01-18,70920
2011-01-19,70058
2011-01-20,69562
2011-01-21,69133
2011-01-24,69427
2011-01-26,68709
2011-01-27,68051
2011-01-28,66698
2011-01-31,66575
2011-02-01,67847
2011-02-02,66688
2011-02-03,66765
2011-02-04,65269
2011-02-07,65362
2011-02-08,65771
2011-02-09,64218
2011-02-10,64578
2011-02-11,65756
2011-02-14,66558
2011-02-15,66341
2011-02-16,67576
2011-02-17,67685
2011-02-18,68067
2011-02-21,67259
2011-02-22,66440
2011-02-23,66910
2011-02-24,66949
2011-02-25,66903
2011-02-28,67383
2011-03-01,66243
2011-03-02,67282
2011-03-03,68146
2011-03-04,68012
2011-03-09,67264
2011-03-10,66041
2011-03-11,66685
2011-03-14,67169
2011-03-15,67005
2011-03-16,66003
2011-03-17,66216
2011-03-18,66880
2011-03-21,66690
2011-03-22,67578
2011-03-23,67796
2011-03-24,67533
2011-03-25,67766
2011-03-28,67193
2011-03-29,67419
2011-03-30,67997
2011-03-31,68587
2011-04-01,69268
2011-04-04,69704
2011-04-05,69838
2011-04-06,69037
2011-04-07,69176
2011-04-08,68718
2011-04-11,68164
2011-04-12,66896
2011-04-13,66486
2011-04-14,66279
2011-04-15,66684
2011-04-18,65415
2011-04-19,66158
2011-04-20,67058
2011-04-25,66972
2011-04-26,67144
2011-04-27,66264
2011-04-28,65673
2011-04-29,66133
2011-05-02,65463
2011-05-03,64318
2011-05-04,63616
2011-05-05,63407
2011-05-06,64417
2011-05-09,64622
2011-05-10,64877
2011-05-11,63776
2011-05-12,64003
2011-05-13,63235
2011-05-16,62830
2011-05-17,63673
2011-05-18,62841
2011-05-19,62367
2011-05-20,62597
2011-05-23,62345
2011-05-24,63337
2011-05-25,63388
2011-05-26,64099
2011-05-27,64295
2011-05-30,63954
2011-05-31,64620
2011-06-01,63411
2011-06-02,64218
2011-06-03,64341
2011-06-06,63068
2011-06-07,63218
2011-06-08,63033
2011-06-09,63469
2011-06-10,62697
2011-06-13,62023
2011-06-14,62205
2011-06-15,61604
2011-06-16,60881
2011-06-17,61060
2011-06-20,61168
2011-06-21,61424
2011-06-22,61194
2011-06-24,61017
2011-06-27,61217
2011-06-28,62303
2011-06-29,62334
2011-06-30,62404
2011-07-01,63394
2011-07-04,63891
2011-07-05,63039
2011-07-06,62565
2011-07-07,62207
2011-07-08,61513
2011-07-11,60224
2011-07-12,59705
2011-07-13,60670
2011-07-14,59679
2011-07-15,59478
2011-07-18,58838
2011-07-19,59082
2011-07-20,59120
2011-07-21,60263
2011-07-22,60270
2011-07-25,59971
2011-07-26,59340
2011-07-27,58288
2011-07-28,58708
2011-07-29,58823
2011-08-01,58536
2011-08-02,57311
2011-08-03,56017
2011-08-04,52811
2011-08-05,52949
2011-08-08,48668
2011-08-09,51151
2011-08-10,51395
2011-08-11,53343
2011-08-12,53473
2011-08-15,54652
2011-08-16,54324
2011-08-17,55073
2011-08-18,53134
2011-08-19,52448
2011-08-22,52440
2011-08-23,53787
2011-08-24,53796
2011-08-25,52953
2011-08-26,53351
2011-08-29,54861
2011-08-30,55385
2011-08-31,56495
2011-09-01,58118
2011-09-02,56532
2011-09-05,54998
2011-09-06,56607
2011-09-08,57624
2011-09-09,55778
2011-09-12,55685
2011-09-13,55544
2011-09-14,56286
2011-09-15,56381
2011-09-16,57210
2011-09-19,57103
2011-09-20,56379
2011-09-21,55982
2011-09-22,53280
2011-09-23,53230
2011-09-26,53748
2011-09-27,53920
2011-09-28,53270
2011-09-29,53385
2011-09-30,52324
2011-10-03,50792
2011-10-04,50686
2011-10-05,51014
2011-10-06,52290
2011-10-07,51244
2011-10-10,53273
2011-10-11,53838
2011-10-13,54601
2011-10-14,55030
2011-10-17,53911
2011-10-18,55032
2011-10-19,54966
2011-10-20,54010
2011-10-21,55255
2011-10-24,56892
2011-10-25,56286
2011-10-26,57144
2011-10-27,59270
2011-10-28,59513
2011-10-31,58338
2011-11-01,57323
2011-11-03,58196
2011-11-04,58670
2011-11-07,59199
2011-11-08,59026
2011-11-09,57550
2011-11-10,57322
2011-11-11,58547
2011-11-14,58258
2011-11-16,58560
2011-11-17,56989
2011-11-18,56731
2011-11-21,56285
2011-11-22,55878
2011-11-23,54972
2011-11-24,55280
2011-11-25,54894
2011-11-28,56017
2011-11-29,55300
2011-11-30,56875
2011-12-01,58143
2011-12-02,57886
2011-12-05,58910
2011-12-06,59536
2011-12-07,58663
2011-12-08,57455
2011-12-09,58236
2011-12-12,57347
2011-12-13,57495
2011-12-14,56647
2011-12-15,56331
2011-12-16,56097
2011-12-19,55298
2011-12-20,56865
2011-12-21,56653
2011-12-22,57348
2011-12-23,57701
2011-12-26,57669
2011-12-27,58005
2011-12-28,56534
2011-12-29,56754
2012-01-02,57829
2012-01-03,59265
2012-01-04,59365
2012-01-05,58546
2012-01-06,58600
2012-01-09,59083
2012-01-10,59806
2012-01-11,59962
2012-01-12,59921
2012-01-13,59147
2012-01-16,59956
2012-01-17,60646
2012-01-18,61723
2012-01-19,61927
2012-01-20,62312
2012-01-23,62386
2012-01-24,62486
2012-01-26,62953
2012-01-27,62904
2012-01-30,62770
2012-01-31,63072
2012-02-01,64567
2012-02-02,64593
2012-02-03,65217
2012-02-06,65224
2012-02-07,65917
2012-02-08,65831
2012-02-09,65530
2012-02-10,63998
2012-02-13,65692
2012-02-14,65039
2012-02-15,65368
2012-02-16,66142
2012-02-17,66204
2012-02-22,66093
2012-02-23,65820
2012-02-24,65943
2012-02-27,65241
2012-02-28,65959
2012-02-29,65812
2012-03-01,66810
2012-03-02,67782
2012-03-05,66964
2012-03-06,65114
2012-03-07,66017
2012-03-08,66908
2012-03-09,66704
2012-03-12,66385
2012-03-13,68394
2012-03-14,68257
2012-03-15,67749
2012-03-16,67684
2012-03-19,67730
2012-03-20,67296
2012-03-21,66860
2012-03-22,65828
2012-03-23,65813
2012-03-26,66685
2012-03-27,66037
2012-03-28,65079
2012-03-29,64872
2012-03-30,64511
2012-04-02,65216
2012-04-03,64284
2012-04-04,63529
2012-04-05,63691
2012-04-09,62923
2012-04-10,61738
2012-04-11,61293
2012-04-12,63058
2012-04-13,62106
2012-04-16,61955
2012-04-17,62699
2012-04-18,63010
2012-04-19,62618
2012-04-20,62494
2012-04-23,61539
2012-04-24,61971
2012-04-25,61750
2012-04-26,62198
2012-04-27,61691
2012-04-30,61820
2012-05-02,62424
2012-05-03,62104
2012-05-04,60821
2012-05-07,61220
2012-05-08,60365
2012-05-09,59786
2012-05-10,59702
2012-05-11,59445
2012-05-14,57540
2012-05-15,56238
2012-05-16,55888
2012-05-17,54038
2012-05-18,54513
2012-05-21,56590
2012-05-22,55039
2012-05-23,54619
2012-05-24,54063
2012-05-25,54463
2012-05-28,55213
2012-05-29,54633
2012-05-30,53798
2012-05-31,54490
2012-06-01,53403
2012-06-04,53417
2012-06-05,52481
2012-06-06,54156
2012-06-08,54430
2012-06-11,54001
2012-06-12,55049
2012-06-13,55651
2012-06-14,55352
2012-06-15,56105
2012-06-18,56195
2012-06-19,57195
2012-06-20,57167
2012-06-21,55505
2012-06-22,55440
2012-06-25,53805
2012-06-26,53837
2012-06-27,53109
2012-06-28,52652
2012-06-29,54355
2012-07-02,54693
2012-07-03,55780
2012-07-04,56077
2012-07-05,56379
2012-07-06,55394
2012-07-10,53706
2012-07-11,53569
2012-07-12,53421
2012-07-13,54331
2012-07-16,53402
2012-07-17,53909
2012-07-18,54583
2012-07-19,55347
2012-07-20,54195
2012-07-23,53034
2012-07-24,52639
2012-07-25,52608
2012-07-26,54003
2012-07-27,56553
2012-07-30,57241
2012-07-31,56097
2012-08-01,56292
2012-08-02,55520
2012-08-03,57255
2012-08-06,58345
2012-08-07,57726
2012-08-08,58951
2012-08-09,58797
2012-08-10,59281
2012-08-13,59123
2012-08-14,58083
2012-08-15,58189
2012-08-16,59446
2012-08-17,59082
2012-08-20,59283
2012-08-21,58918
2012-08-22,59381
2012-08-23,58512
2012-08-24,58426
2012-08-27,58111
2012-08-28,58406
2012-08-29,57369
2012-08-30,57256
2012-08-31,57061
2012-09-03,57281
2012-09-04,56234
2012-09-05,56864
2012-09-06,58321
2012-09-10,58404
2012-09-11,59423
2012-09-12,59922
2012-09-13,61958
2012-09-14,62105
2012-09-17,61806
2012-09-18,61804
2012-09-19,61652
2012-09-20,61688
2012-09-21,61320
2012-09-24,61910
2012-09-25,60501
2012-09-26,60478
2012-09-27,60240
2012-09-28,59176
2012-10-01,59571
2012-10-02,59222
2012-10-03,58627
2012-10-04,58458
2012-10-05,58572
2012-10-08,59317
2012-10-09,58939
2012-10-10,58456
2012-10-11,59162
2012-10-15,59602
2012-10-16,59744
2012-10-17,60087
2012-10-18,59734
2012-10-19,58922
2012-10-22,58700
2012-10-23,57690
2012-10-24,57161
2012-10-25,57837
2012-10-26,57277
2012-10-29,57177
2012-10-30,57684
2012-10-31,57068
2012-11-01,58383
2012-11-05,58210
2012-11-06,59459
2012-11-07,58517
2012-11-08,57524
2012-11-09,57358
2012-11-12,57064
2012-11-13,57486
2012-11-14,56279
2012-11-16,55402
2012-11-19,56451
2012-11-21,56242
2012-11-22,56437
2012-11-23,57574
2012-11-26,56737
2012-11-27,56248
2012-11-28,56539
2012-11-29,57853
2012-11-30,57475
2012-12-03,58202
2012-12-04,57563
2012-12-05,57679
2012-12-06,57656
2012-12-07,58487
2012-12-10,59248
2012-12-11,59623
2012-12-12,59474
2012-12-13,59317
2012-12-14,59605
2012-12-17,59567
2012-12-18,60461
2012-12-19,60998
2012-12-20,61276
2012-12-21,61007
2012-12-26,60960
2012-12-27,60416
2012-12-28,60952
2013-01-02,62550
2013-01-03,63312
2013-01-04,62523
2013-01-07,61933
2013-01-08,61128
2013-01-09,61579
2013-01-10,61678
2013-01-11,61497
2013-01-14,62081
2013-01-15,61728
2013-01-16,61787
2013-01-17,62194
2013-01-18,61956
2013-01-21,61900
2013-01-22,61692
2013-01-23,61966
2013-01-24,61170
2013-01-28,60027
2013-01-29,60406
2013-01-30,59337
2013-01-31,59761
2013-02-01,60351
2013-02-04,59576
2013-02-05,59445
2013-02-06,58951
2013-02-07,58372
2013-02-08,58498
2013-02-13,58406
2013-02-14,58077
2013-02-15,57903
2013-02-18,57614
2013-02-19,57314
2013-02-20,56178
2013-02-21,56155
2013-02-22,56697
2013-02-25,56618
2013-02-26,56949
2013-02-27,57274
2013-02-28,57424
2013-03-01,56884
2013-03-04,56499
2013-03-05,55951
2013-03-06,57940
2013-03-07,58847
2013-03-08,58433
2013-03-11,58545
2013-03-12,58209
2013-03-13,57386
2013-03-14,57281
2013-03-15,56869
2013-03-18,56973
2013-03-19,56361
2013-03-20,56030
2013-03-21,55577
2013-03-22,55243
2013-03-25,54873
2013-03-26,55671
2013-03-27,56034
2013-03-28,56352
2013-04-01,55902
2013-04-02,54889
2013-04-03,55563
2013-04-04,54648
2013-04-05,55051
2013-04-08,55092
2013-04-09,55912
2013-04-10,56187
2013-04-11,55401
2013-04-12,54963
2013-04-15,52950
2013-04-16,53991
2013-04-17,52882
2013-04-18,53166
2013-04-19,53929
2013-04-22,54298
2013-04-23,54885
2013-04-24,54984
2013-04-25,54963
2013-04-26,54252
2013-04-29,54887
2013-04-30,55910
2013-05-02,55322
2013-05-03,55488
2013-05-06,55430
2013-05-07,56275
2013-05-08,55805
2013-05-09,55448
2013-05-10,55108
2013-05-13,54448
2013-05-14,54667
2013-05-15,54936
2013-05-16,54773
2013-05-17,55164
2013-05-20,55701
2013-05-21,56265
2013-05-22,56429
2013-05-23,56350
2013-05-24,56406
2013-05-27,56396
2013-05-28,56036
2013-05-29,54635
2013-05-31,53506
2013-06-03,53944
2013-06-04,54018
2013-06-05,52799
2013-06-06,52885
2013-06-07,51619
2013-06-10,51317
2013-06-11,49770
2013-06-12,49181
2013-06-13,50415
2013-06-14,49332
2013-06-17,49089
2013-06-18,49465
2013-06-19,47893
2013-06-20,48214
2013-06-21,47056
2013-06-24,45965
2013-06-25,46893
2013-06-26,47172
2013-06-27,47609
2013-06-28,47457
2013-07-01,47230
2013-07-02,45229
2013-07-03,45044
2013-07-04,45763
2013-07-05,45210
2013-07-08,45076
2013-07-10,45483
2013-07-11,46626
2013-07-12,45533
2013-07-15,46739
2013-07-16,46869
2013-07-17,47407
2013-07-18,47657
2013-07-19,47400
2013-07-22,48574
2013-07-23,48820
2013-07-24,48374
2013-07-25,49067
2013-07-26,49422
2013-07-29,49212
2013-07-30,48562
2013-07-31,48234
2013-08-01,49141
2013-08-02,48474
2013-08-05,48436
2013-08-06,47422
2013-08-07,47447
2013-08-08,48929
2013-08-09,49875
2013-08-12,50299
2013-08-13,50601
2013-08-14,50896
2013-08-15,50908
2013-08-16,51539
2013-08-19,51574
2013-08-20,50507
2013-08-21,50405
2013-08-22,51398
2013-08-23,52197
2013-08-26,51429
2013-08-27,50092
2013-08-28,49867
2013-08-29,49922
2013-08-30,50012
2013-09-02,51835
2013-09-03,51626
2013-09-04,51716
2013-09-05,52352
2013-09-06,53749
2013-09-09,54252
2013-09-10,53979
2013-09-11,53570
2013-09-12,53307
2013-09-13,53798
2013-09-16,53822
2013-09-17,54271
2013-09-18,55703
2013-09-19,55096
2013-09-20,54110
2013-09-23,54602
2013-09-24,54431
2013-09-25,54261
2013-09-26,53783
2013-09-27,53739
2013-09-30,52338
2013-10-01,53179
2013-10-02,53100
2013-10-03,52490
2013-10-04,52849
2013-10-07,52417
2013-10-08,52312
2013-10-09,52548
2013-10-10,52997
2013-10-11,53150
2013-10-14,54171
2013-10-15,54981
2013-10-16,55973
2013-10-17,55358
2013-10-18,55378
2013-10-21,56077
2013-10-22,56460
2013-10-23,55440
2013-10-24,54877
2013-10-25,54154
2013-10-28,55073
2013-10-29,54539
2013-10-30,54173
2013-10-31,54256
2013-11-01,54013
2013-11-04,54437
2013-11-05,53832
2013-11-06,53385
2013-11-07,52741
2013-11-08,52249
2013-11-11,52624
2013-11-12,51804
2013-11-13,52230
2013-11-14,53452
2013-11-18,54307
2013-11-19,53033
2013-11-21,52688
2013-11-22,52801
2013-11-25,52264
2013-11-26,51447
2013-11-27,51861
2013-11-28,51847
2013-11-29,52482
2013-12-02,51245
2013-12-03,50349
2013-12-04,50216
2013-12-05,50788
2013-12-06,50944
2013-12-09,51165
2013-12-10,50993
2013-12-11,50068
2013-12-12,50122
2013-12-13,50051
2013-12-16,50280
2013-12-17,50090
2013-12-18,50563
2013-12-19,51633
2013-12-20,51186
2013-12-23,51356
2013-12-26,51221
2013-12-27,51267
2013-12-30,51507
2014-01-02,50341
2014-01-03,50981
2014-01-06,50974
2014-01-07,50430
2014-01-08,50577
2014-01-09,49322
2014-01-10,49696
2014-01-13,49427
2014-01-14,49703
2014-01-15,50105
2014-01-16,49696
2014-01-17,49182
2014-01-20,48708
2014-01-21,48542
2014-01-22,49300
2014-01-23,48321
2014-01-24,47787
2014-01-27,47701
2014-01-28,47841
2014-01-29,47557
2014-01-30,47244
2014-01-31,47639
2014-02-03,46148
2014-02-04,46964
2014-02-05,46624
2014-02-06,47738
2014-02-07,48074
2014-02-10,47711
2014-02-11,48463
2014-02-12,48217
2014-02-13,47813
2014-02-14,48201
2014-02-17,47576
2014-02-18,46600
2014-02-19,47151
2014-02-20,47289
2014-02-21,47380
2014-02-24,47394
2014-02-25,46716
2014-02-26,46599
2014-02-27,47607
2014-02-28,47094
2014-03-05,46589
2014-03-06,47093
2014-03-07,46244
2014-03-10,45533
2014-03-11,45698
2014-03-12,45862
2014-03-13,45444
2014-03-14,44966
2014-03-17,45118
2014-03-18,46151
2014-03-19,46567
2014-03-20,47278
2014-03-21,47381
2014-03-24,47993
2014-03-25,48180
2014-03-26,47966
2014-03-27,49647
2014-03-28,49768
2014-03-31,50415
2014-04-01,50270
2014-04-02,51701
2014-04-03,51408
2014-04-04,51082
2014-04-07,52155
2014-04-08,51629
2014-04-09,51185
2014-04-10,51127
2014-04-11,51867
2014-04-14,51597
2014-04-15,50454
2014-04-16,51201
2014-04-17,52112
2014-04-22,51977
2014-04-23,51570
2014-04-24,51817
2014-04-25,51399
2014-04-28,51384
2014-04-29,51839
2014-04-30,51627
2014-05-02,52980
2014-05-05,53446
2014-05-06,53780
2014-05-07,54053
2014-05-08,53422
2014-05-09,53100
2014-05-12,54053
2014-05-13,53907
2014-05-14,54413
2014-05-15,53856
2014-05-16,53976
2014-05-19,53353
2014-05-20,52366
2014-05-21,52203
2014-05-22,52806
2014-05-23,52626
2014-05-26,52933
2014-05-27,52174
2014-05-28,52640
2014-05-29,52239
2014-05-30,51239
2014-06-02,51606
2014-06-03,52032
2014-06-04,51833
2014-06-05,51559
2014-06-06,53129
2014-06-09,54273
2014-06-10,54604
2014-06-11,55102
2014-06-13,54807
2014-06-16,54630
2014-06-17,54300
2014-06-18,55203
2014-06-20,54638
2014-06-23,54210
2014-06-24,54281
2014-06-25,53426
2014-06-26,53507
2014-06-27,53157
2014-06-30,53168
2014-07-01,53171
2014-07-02,53029
2014-07-03,53875
2014-07-04,54056
2014-07-07,53802
2014-07-08,53635
2014-07-10,54593
2014-07-11,54786
2014-07-14,55744
2014-07-15,55974
2014-07-16,55717
2014-07-17,55638
2014-07-18,57013
2014-07-21,57634
2014-07-22,57983
2014-07-23,57420
2014-07-24,57978
2014-07-25,57821
2014-07-28,57696
2014-07-29,57119
2014-07-30,56878
2014-07-31,55829
2014-08-01,55903
2014-08-04,56616
2014-08-05,56202
2014-08-06,56487
2014-08-07,56188
2014-08-08,55573
2014-08-11,56613
2014-08-12,56442
2014-08-13,55581
2014-08-14,55780
2014-08-15,56964
2014-08-18,57561
2014-08-19,58449
2014-08-20,58878
2014-08-21,58992
2014-08-22,58407
2014-08-25,59735
2014-08-26,59821
2014-08-27,60951
2014-08-28,60291
2014-08-29,61288
2014-09-01,61141
2014-09-02,61896
2014-09-03,61837
2014-09-04,60800
2014-09-05,60682
2014-09-08,59193
2014-09-09,58676
2014-09-10,58199
2014-09-11,58337
2014-09-12,56928
2014-09-15,57949
2014-09-16,59115
2014-09-17,59108
2014-09-18,58374
2014-09-19,57789
2014-09-22,56818
2014-09-23,56541
2014-09-24,56824
2014-09-25,55962
2014-09-26,57212
2014-09-29,54625
2014-09-30,54116
2014-10-01,52858
2014-10-02,53519
2014-10-03,54540
2014-10-06,57116
2014-10-07,57436
2014-10-08,57058
2014-10-09,57268
2014-10-10,55312
2014-10-13,57957
2014-10-14,58015
2014-10-15,56135
2014-10-16,54298
2014-10-17,55724
2014-10-20,54303
2014-10-21,52432
2014-10-22,52411
2014-10-23,50713
2014-10-24,51941
2014-10-27,50504
2014-10-28,52330
2014-10-29,51049
2014-10-30,52337
2014-10-31,54629
2014-11-03,53947
2014-11-04,54384
2014-11-05,53698
2014-11-06,52637
2014-11-07,53223
2014-11-10,52725
2014-11-11,52474
2014-11-12,52979
2014-11-13,51846
2014-11-14,51772
2014-11-17,51257
2014-11-18,52062
2014-11-19,53403
2014-11-21,56084
2014-11-24,55407
2014-11-25,55561
2014-11-26,55098
2014-11-27,54721
2014-11-28,54724
2014-12-01,52277
2014-12-02,51612
2014-12-03,52320
2014-12-04,51427
2014-12-05,51993
2014-12-08,50274
2014-12-09,50193
2014-12-10,49548
2014-12-11,49862
2014-12-12,48002
2014-12-15,47019
2014-12-16,47008
2014-12-17,48714
2014-12-18,48496
2014-12-19,49651
2014-12-22,50121
2014-12-23,50890
2014-12-26,50145
2014-12-29,50594
2014-12-30,50007
2015-01-02,48512
2015-01-05,47517
2015-01-06,48001
2015-01-07,49463
2015-01-08,49943
2015-01-09,48840
2015-01-12,48140
2015-01-13,48042
2015-01-14,47646
2015-01-15,48026
2015-01-16,49017
2015-01-19,47758
2015-01-20,47877
2015-01-21,49224
2015-01-22,49443
2015-01-23,48775
2015-01-26,48577
2015-01-27,48591
2015-01-28,47695
2015-01-29,47762
2015-01-30,46908
2015-02-02,47651
2015-02-03,48964
2015-02-04,49301
2015-02-05,49234
2015-02-06,48792
2015-02-09,49383
2015-02-10,48510
2015-02-11,48240
2015-02-12,49533
2015-02-13,50636
2015-02-18,51280
2015-02-19,51294
2015-02-20,51238
2015-02-23,51281
2015-02-24,51874
2015-02-25,51811
2015-02-26,51761
2015-02-27,51583
2015-03-02,51021
2015-03-03,51304
2015-03-04,50468
2015-03-05,50365
2015-03-06,49981
2015-03-09,49181
2015-03-10,48293
2015-03-11,48906
2015-03-12,48880
2015-03-13,48596
2015-03-16,48848
2015-03-17,50285
2015-03-18,51526
2015-03-19,50954
2015-03-20,51967
2015-03-23,51908
2015-03-24,51506
2015-03-25,51858
2015-03-26,50580
2015-03-27,50095
2015-03-30,51243
2015-03-31,51150
2015-04-01,52322
2015-04-02,53123
2015-04-06,53737
2015-04-07,53729
2015-04-08,53661
2015-04-09,53803
2015-04-10,54214
2015-04-13,54240
2015-04-14,53982
2015-04-15,54919
2015-04-16,54674
2015-04-17,53955
2015-04-20,53761
2015-04-22,54617
2015-04-23,55685
2015-04-24,56594
2015-04-27,55535
2015-04-28,55812
2015-04-29,55325
2015-04-30,56229
2015-05-04,57354
2015-05-05,58052
2015-05-06,57103
2015-05-07,56921
2015-05-08,57149
2015-05-11,57197
2015-05-12,56792
2015-05-13,56372
2015-05-14,56657
2015-05-15,57249
2015-05-18,56204
2015-05-19,55499
2015-05-20,54901
2015-05-21,55112
2015-05-22,54377
2015-05-25,54609
2015-05-26,53630
2015-05-27,54236
2015-05-28,53976
2015-05-29,52760
2015-06-01,53031
2015-06-02,54236
2015-06-03,53523
2015-06-05,52973
2015-06-08,52810
2015-06-09,52816
2015-06-10,53876
2015-06-11,53689
2015-06-12,53348
2015-06-15,53138
2015-06-16,53702
2015-06-17,53249
2015-06-18,54239
2015-06-19,53749
2015-06-22,53864
2015-06-23,53772
2015-06-24,53843
2015-06-25,53176
2015-06-26,54017
2015-06-29,53014
2015-06-30,53081
2015-07-01,52758
2015-07-02,53106
2015-07-03,52519
2015-07-06,52149
2015-07-07,52344
2015-07-08,51782
2015-07-10,52591
2015-07-13,53119
2015-07-14,53239
2015-07-15,52902
2015-07-16,53070
2015-07-17,52342
2015-07-20,51600
2015-07-21,51474
2015-07-22,50916
2015-07-23,49807
2015-07-24,49246
2015-07-27,48736
2015-07-28,49602
2015-07-29,50245
2015-07-30,49897
2015-07-31,50865
2015-08-03,50138
2015-08-04,50058
2015-08-05,50287
2015-08-06,50011
2015-08-07,48577
2015-08-10,49353
2015-08-11,49072
2015-08-12,48388
2015-08-13,48010
2015-08-14,47508
2015-08-17,47217
2015-08-18,47451
2015-08-19,46588
2015-08-20,46649
2015-08-21,45720
2015-08-24,44336
2015-08-25,44545
2015-08-26,46038
2015-08-27,47715
2015-08-28,47154
2015-08-31,46626
2015-09-01,45477
2015-09-02,46464
2015-09-03,47366
2015-09-04,46498
2015-09-08,46762
2015-09-09,46657
2015-09-10,46504
2015-09-11,46401
2015-09-14,47282
2015-09-15,47364
2015-09-16,48553
2015-09-17,48551
2015-09-18,47264
2015-09-21,46590
2015-09-22,46265
2015-09-23,45340
2015-09-24,45292
2015-09-25,44831
2015-09-28,43957
2015-09-29,44132
2015-09-30,45059
2015-10-01,45313
2015-10-02,47033
2015-10-05,47598
2015-10-06,47735
2015-10-07,48914
2015-10-08,49107
2015-10-09,49338
2015-10-13,47363
2015-10-14,46710
2015-10-15,47161
2015-10-16,47236
2015-10-19,47447
2015-10-20,47077
2015-10-21,47026
2015-10-22,47772
2015-10-23,47597
2015-10-26,47209
2015-10-27,47043
2015-10-28,46741
2015-10-29,45628
2015-10-30,45869
2015-11-03,48054
2015-11-04,47710
2015-11-05,48047
2015-11-06,46919
2015-11-09,46195
2015-11-10,46207
2015-11-11,47065
2015-11-12,46884
2015-11-13,46517
2015-11-16,46847
2015-11-17,47248
2015-11-18,47436
2015-11-19,48139
2015-11-23,48150
2015-11-24,48284
2015-11-25,46867
2015-11-26,47146
2015-11-27,45873
2015-11-30,45120
2015-12-01,45047
2015-12-02,44915
2015-12-03,46393
2015-12-04,45361
2015-12-07,45223
2015-12-08,44443
2015-12-09,46108
2015-12-10,45631
2015-12-11,45263
2015-12-14,44747
2015-12-15,44872
2015-12-16,45016
2015-12-17,45261
2015-12-18,43911
2015-12-21,43200
2015-12-22,43470
2015-12-23,44015
2015-12-28,43764
2015-12-29,43654
2015-12-30,43350
2016-01-04,42141
2016-01-05,42419
2016-01-06,41773
2016-01-07,40695
2016-01-08,40612
2016-01-11,39950
2016-01-12,39514
2016-01-13,38944
2016-01-14,39500
2016-01-15,38569
2016-01-18,37937
2016-01-19,38057
2016-01-20,37645
2016-01-21,37717
2016-01-22,38031
2016-01-26,37497
2016-01-27,38376
2016-01-28,38630
2016-01-29,40406
2016-02-01,40570
2016-02-02,38596
2016-02-03,39589
2016-02-04,40822
2016-02-05,40592
2016-02-10,40377
2016-02-11,39318
2016-02-12,39808
2016-02-15,40093
2016-02-16,40948
2016-02-17,41631
2016-02-18,41478
2016-02-19,41543
2016-02-22,43235
2016-02-23,42521
2016-02-24,42085
2016-02-25,41888
2016-02-26,41593
2016-02-29,42794
2016-03-01,44122
2016-03-02,44893
2016-03-03,47193
2016-03-04,49085
2016-03-07,49246
2016-03-08,49102
2016-03-09,48665
2016-03-10,49571
2016-03-11,49639
2016-03-14,48867
2016-03-15,47130
2016-03-16,47763
2016-03-17,50914
2016-03-18,50815
2016-03-21,51172
2016-03-22,51010
2016-03-23,49690
2016-03-24,49657
2016-03-28,50838
2016-03-29,51155
2016-03-30,51249
2016-03-31,50055
2016-04-01,50562
2016-04-04,48780
2016-04-05,49054
2016-04-06,48096
2016-04-07,48513
2016-04-08,50293
2016-04-11,50165
2016-04-12,52002
2016-04-13,53150
2016-04-14,52411
2016-04-15,53228
2016-04-18,52894
2016-04-19,53710
2016-04-20,53631
2016-04-22,52908
2016-04-25,51862
2016-04-26,53083
2016-04-27,54478
2016-04-28,54312
2016-04-29,53911
2016-05-02,53562
2016-05-03,52260
2016-05-04,52553
2016-05-05,51671
2016-05-06,51718
2016-05-09,50990
2016-05-10,53071
2016-05-11,52764
2016-05-12,53241
2016-05-13,51804
2016-05-16,51803
2016-05-17,50839
2016-05-18,50562
2016-05-19,50133
2016-05-20,49723
2016-05-23,49330
2016-05-24,49345
2016-05-25,49483
2016-05-27,49051
2016-05-30,48964
2016-05-31,48472
2016-06-01,49013
2016-06-02,49887
2016-06-03,50620
2016-06-06,50432
2016-06-07,50488
2016-06-08,51629
2016-06-09,51118
2016-06-10,49422
2016-06-13,49661
2016-06-14,48648
2016-06-15,48915
2016-06-16,49412
2016-06-17,49534
2016-06-20,50329
2016-06-21,50838
2016-06-22,50156
2016-06-23,51560
2016-06-24,50105
2016-06-27,49246
2016-06-28,50007
2016-06-29,51002
2016-06-30,51527
2016-07-01,52233
2016-07-04,52569
2016-07-05,51842
2016-07-06,51902
2016-07-07,52015
2016-07-08,53141
2016-07-11,53960
2016-07-12,54256
2016-07-13,54598
2016-07-14,55481
2016-07-15,55578
2016-07-18,56484
2016-07-19,56698
2016-07-20,56578
2016-07-21,56641
2016-07-22,57002
2016-07-25,56873
2016-07-26,56783
2016-07-27,56853
2016-07-28,56667
2016-07-29,57308
2016-08-01,56756
2016-08-02,56162
2016-08-03,57077
2016-08-04,57594
2016-08-05,57661
2016-08-08,57635
2016-08-09,57689
2016-08-10,56920
2016-08-11,58300
2016-08-12,58298
2016-08-15,59146
2016-08-16,58855
2016-08-17,59324
2016-08-18,59166
2016-08-19,59099
2016-08-22,57781
2016-08-23,58020
2016-08-24,57718
2016-08-25,57722
2016-08-26,57716
2016-08-29,58610
2016-08-30,58575
2016-08-31,57901
2016-09-01,58236
2016-09-02,59616
2016-09-05,59566
2016-09-06,60129
2016-09-08,60232
2016-09-09,58000
2016-09-12,58586
2016-09-13,56821
2016-09-14,57059
2016-09-15,57909
2016-09-16,57080
2016-09-19,57350
2016-09-20,57736
2016-09-21,58394
2016-09-22,58994
2016-09-23,58697
2016-09-26,58054
2016-09-27,58382
2016-09-28,59356
2016-09-29,58351
2016-09-30,58367
2016-10-03,59461
2016-10-04,59339
2016-10-05,60254
2016-10-06,60644
2016-10-07,61109
2016-10-10,61668
2016-10-11,61022
2016-10-13,61119
2016-10-14,61767
2016-10-17,62696
2016-10-18,63782
2016-10-19,63506
2016-10-20,63838
2016-10-21,64108
2016-10-24,64060
2016-10-25,63866
2016-10-26,63826
2016-10-27,64250
2016-10-28,64308
2016-10-31,64925
2016-11-01,63326
2016-11-03,61750
2016-11-04,61598
2016-11-07,64052
2016-11-08,64158
2016-11-09,63258
2016-11-10,61201
2016-11-11,59184
2016-11-14,59657
2016-11-16,60759
2016-11-17,59770
2016-11-18,59962
2016-11-21,61070
2016-11-22,61954
2016-11-23,61986
2016-11-24,61396
2016-11-25,61559
2016-11-28,62856
2016-11-29,60987
2016-11-30,61906
2016-12-01,59507
2016-12-02,60316
2016-12-05,59832
2016-12-06,61088
2016-12-07,61414
2016-12-08,60677
2016-12-09,60501
2016-12-12,59179
2016-12-13,59281
2016-12-14,58212
2016-12-15,58396
2016-12-16,58389
2016-12-19,57111
2016-12-20,57583
2016-12-21,57647
2016-12-22,57255
2016-12-23,57937
2016-12-26,58620
2016-12-27,58697
2016-12-28,59782
2016-12-29,60227
2017-01-02,59589
2017-01-03,61814
2017-01-04,61589
2017-01-05,62071
2017-01-06,61665
2017-01-09,61700
2017-01-10,62132
2017-01-11,62446
2017-01-12,63954
2017-01-13,63652
2017-01-16,63831
2017-01-17,64354
2017-01-18,64150
2017-01-19,63951
2017-01-20,64521
2017-01-23,65749
2017-01-24,65840
2017-01-26,66191
2017-01-27,66034
2017-01-30,64302
2017-01-31,64671
2017-02-01,64836
2017-02-02,64578
2017-02-03,64954
2017-02-06,63993
2017-02-07,64199
2017-02-08,64835
2017-02-09,64965
2017-02-10,66125
2017-02-13,66968
2017-02-14,66713
2017-02-15,67976
2017-02-16,67814
2017-02-17,67748
2017-02-20,68533
2017-02-21,69052
2017-02-22,68590
2017-02-23,67461
2017-02-24,66662
2017-03-01,66989
2017-03-02,65855
2017-03-03,66786
2017-03-06,66341
2017-03-07,65742
2017-03-08,64718
2017-03-09,64585
2017-03-10,64675
2017-03-13,65534
2017-03-14,64699
2017-03-15,66235
2017-03-16,65783
2017-03-17,64210
2017-03-20,64884
2017-03-21,62980
2017-03-22,63521
2017-03-23,63531
2017-03-24,63854
2017-03-27,64308
2017-03-28,64640
2017-03-29,65528
2017-03-30,65266
2017-03-31,64984
2017-04-03,65211
2017-04-04,65769
2017-04-05,64775
2017-04-06,64223
2017-04-07,64593
2017-04-10,64650
2017-04-11,64360
2017-04-12,63892
2017-04-13,62826
2017-04-17,64335
2017-04-18,64159
2017-04-19,63407
2017-04-20,63761
2017-04-24,64389
2017-04-25,65148
2017-04-26,64862
2017-04-27,64677
2017-04-28,65403
2017-05-02,66722
2017-05-03,66094
2017-05-04,64863
2017-05-05,65710
2017-05-08,65526
2017-05-09,66278
2017-05-10,67350
2017-05-11,67538
2017-05-12,68222
2017-05-15,68474
2017-05-16,68685
2017-05-17,67540
2017-05-18,61597
2017-05-19,62639
2017-05-22,61673
2017-05-23,62662
2017-05-24,63257
2017-05-25,63227
2017-05-26,64085
2017-05-29,63761
2017-05-30,63962
2017-05-31,62711
2017-06-01,62289
2017-06-02,62511
2017-06-05,62450
2017-06-06,62955
2017-06-07,63171
2017-06-08,62756
2017-06-09,62211
2017-06-12,61700
2017-06-13,61829
2017-06-14,61923
2017-06-16,61626
2017-06-19,62014
2017-06-20,60766
2017-06-21,60762
2017-06-22,61272
2017-06-23,61087
2017-06-26,62188
2017-06-27,61675
2017-06-28,62018
2017-06-29,62239
2017-06-30,62900
2017-07-03,63280
2017-07-04,63232
2017-07-05,63154
2017-07-06,62470
2017-07-07,62322
2017-07-10,63025
2017-07-11,63832
2017-07-12,64836
2017-07-13,65178
2017-07-14,65436
2017-07-17,65212
2017-07-18,65338
2017-07-19,65180
2017-07-20,64938
2017-07-21,64684
2017-07-24,65100
2017-07-25,65668
2017-07-26,65011
2017-07-27,65277
2017-07-28,65497
2017-07-31,65920
2017-08-01,66516
2017-08-02,67136
2017-08-03,66777
2017-08-04,66898
2017-08-07,67940
2017-08-08,67899
2017-08-09,67671
2017-08-10,66992
2017-08-11,67359
2017-08-14,68285
2017-08-15,68355
2017-08-16,68594
2017-08-17,67977
2017-08-18,68715
2017-08-21,68635
2017-08-22,70011
2017-08-23,70478
2017-08-24,71133
2017-08-25,71074
2017-08-28,71017
2017-08-29,71330
2017-08-30,70886
2017-08-31,70835
2017-09-01,71923
2017-09-04,72129
2017-09-05,72151
2017-09-06,73412
2017-09-08,73079
2017-09-11,74319
2017-09-12,74539
2017-09-13,74788
2017-09-14,74657
2017-09-15,75757
2017-09-18,75990
2017-09-19,75974
2017-09-20,76004
2017-09-21,75604
2017-09-22,75390
2017-09-25,74443
2017-09-26,74319
2017-09-27,73797
2017-09-28,73567
2017-09-29,74294
2017-10-02,74360
2017-10-03,76763
2017-10-04,76591
2017-10-05,76618
2017-10-06,76055
2017-10-09,75727
2017-10-10,76897
2017-10-11,76660
2017-10-13,76990
2017-10-16,76892
2017-10-17,76201
2017-10-18,76591
2017-10-19,76283
2017-10-20,76391
2017-10-23,75413
2017-10-24,76350
2017-10-25,76671
2017-10-26,75896
2017-10-27,75976
2017-10-30,74800
2017-10-31,74308
2017-11-01,73824
2017-11-03,73915
2017-11-06,74311
2017-11-07,72415
2017-11-08,74363
2017-11-09,72931
2017-11-10,72166
2017-11-13,72475
2017-11-14,70827
2017-11-16,72512
2017-11-17,73437
2017-11-21,74595
2017-11-22,74519
2017-11-23,74487
2017-11-24,74157
2017-11-27,74059
2017-11-28,74140
2017-11-29,72700
2017-11-30,71971
2017-12-01,72264
2017-12-04,73090
2017-12-05,72546
2017-12-06,73268
2017-12-07,72487
2017-12-08,72732
2017-12-11,72800
2017-12-12,73814
2017-12-13,72914
2017-12-14,72429
2017-12-15,72608
2017-12-18,73115
2017-12-19,72680
2017-12-20,73367
2017-12-21,75133
2017-12-22,75187
2017-12-26,75708
2017-12-27,76073
2017-12-28,76402
2018-01-02,77891
2018-01-03,77995
2018-01-04,78647
2018-01-05,79071
2018-01-08,79379
2018-01-09,78864
2018-01-10,78201
2018-01-11,79365
2018-01-12,79349
2018-01-15,79752
2018-01-16,79832
2018-01-17,81189
2018-01-18,80963
2018-01-19,81220
2018-01-22,81675
2018-01-23,80678
2018-01-24,83680
2018-01-26,85531
2018-01-29,84698
2018-01-30,84482
2018-01-31,84913
2018-02-01,85495
2018-02-02,84041
2018-02-05,81861
2018-02-06,83894
2018-02-07,82767
2018-02-08,81533
2018-02-09,80899
2018-02-14,83543
2018-02-15,84291
2018-02-16,84525
2018-02-19,84793
2018-02-20,85804
2018-02-21,86052
2018-02-22,86686
2018-02-23,87293
2018-02-26,87653
2018-02-27,86935
2018-02-28,85354
2018-03-01,85378
2018-03-02,85761
2018-03-05,86023
2018-03-06,85653
2018-03-07,85484
2018-03-08,84985
2018-03-09,86371
2018-03-12,86900
2018-03-13,86384
2018-03-14,86051
2018-03-15,84928
2018-03-16,84886
2018-03-19,83913
2018-03-20,84164
2018-03-21,84977
2018-03-22,84768
2018-03-23,84377
2018-03-26,85088
2018-03-27,83808
2018-03-28,83874
2018-03-29,85366
2018-04-02,84666
2018-04-03,84623
2018-04-04,84360
2018-04-05,85210
2018-04-06,84820
2018-04-09,83307
2018-04-10,84510
2018-04-11,85246
2018-04-12,85444
2018-04-13,84334
2018-04-16,82862
2018-04-17,84086
2018-04-18,85776
2018-04-19,85824
2018-04-20,85550
2018-04-23,85603
2018-04-24,85469
2018-04-25,85044
2018-04-26,86383
2018-04-27,86445
2018-04-30,86116
2018-05-02,84547
2018-05-03,83288
2018-05-04,83118
2018-05-07,82714
2018-05-08,82956
2018-05-09,84265
2018-05-10,85861
2018-05-11,85220
2018-05-14,85232
2018-05-15,85130
2018-05-16,86537
2018-05-17,83622
2018-05-18,83082
2018-05-21,81815
2018-05-22,82739
2018-05-23,80867
2018-05-24,80122
2018-05-25,78898
2018-05-28,75356
2018-05-29,76072
2018-05-30,76754
2018-06-01,77240
2018-06-04,78596
2018-06-05,76642
2018-06-06,76117
2018-06-07,73851
2018-06-08,72942
2018-06-11,72308
2018-06-12,72754
2018-06-13,72122
2018-06-14,71421
2018-06-15,70758
2018-06-18,69815
2018-06-19,71394
2018-06-20,72123
2018-06-21,70075
2018-06-22,70641
2018-06-25,70953
2018-06-26,71405
2018-06-27,70609
2018-06-28,71767
2018-06-29,72763
2018-07-02,72840
2018-07-03,73668
2018-07-04,74743
2018-07-05,74553
2018-07-06,75010
2018-07-10,74862
2018-07-11,74399
2018-07-12,75856
2018-07-13,76594
2018-07-16,76653
2018-07-17,78130
2018-07-18,77363
2018-07-19,77487
2018-07-20,78571
2018-07-23,77996
2018-07-24,79155
2018-07-25,80218
2018-07-26,79405
2018-07-27,79866
2018-07-30,80276
2018-07-31,79220
2018-08-01,79302
2018-08-02,79637
2018-08-03,81435
2018-08-06,81051
2018-08-07,80347
2018-08-08,79152
2018-08-09,78768
2018-08-10,76514
2018-08-13,77496
2018-08-14,78602
2018-08-15,77078
2018-08-16,76819
2018-08-17,76029
2018-08-20,76328
2018-08-21,75180
2018-08-22,76902
2018-08-23,75634
2018-08-24,76262
2018-08-27,77930
2018-08-28,77473
2018-08-29,78389
2018-08-30,76404
2018-08-31,76678
2018-09-03,76193
2018-09-04,74712
2018-09-05,75092
2018-09-06,76416
2018-09-10,76436
2018-09-11,74657
2018-09-12,75125
2018-09-13,74687
2018-09-14,75429
2018-09-17,76789
2018-09-18,78314
2018-09-19,78169
2018-09-20,78116
2018-09-21,79444
2018-09-24,77984
2018-09-25,78630
2018-09-26,78656
2018-09-27,80000
2018-09-28,79342
2018-10-01,78624
2018-10-02,81612
2018-10-03,83273
2018-10-04,82953
2018-10-05,82322
2018-10-08,86084
2018-10-09,86088
2018-10-10,83679
2018-10-11,82921
2018-10-15,83360
2018-10-16,85718
2018-10-17,85764
2018-10-18,83847
2018-10-19,84220
2018-10-22,85597
2018-10-23,85300
2018-10-24,83064
2018-10-25,84084
2018-10-26,85720
2018-10-29,83797
2018-10-30,86886
2018-10-31,87424
2018-11-01,88419
2018-11-05,89598
2018-11-06,88669
2018-11-07,87714
2018-11-08,85620
2018-11-09,85641
2018-11-12,85525
2018-11-13,84914
2018-11-14,85973
2018-11-16,88515
2018-11-19,87901
2018-11-21,87269
2018-11-22,87477
2018-11-23,86230
2018-11-26,85547
2018-11-27,87891
2018-11-28,89251
2018-11-29,89710
2018-11-30,89504
2018-12-03,89820
2018-12-04,88624
2018-12-05,89040
2018-12-06,88846
2018-12-07,88115
2018-12-10,85915
2018-12-11,86420
2018-12-12,86977
2018-12-13,87838
2018-12-14,87450
2018-12-17,86400
2018-12-18,86610
2018-12-19,85674
2018-12-20,85269
2018-12-21,85697
2018-12-26,85136
2018-12-27,85460
2018-12-28,87887
2019-01-02,91012
2019-01-03,91564
2019-01-04,91841
2019-01-07,91699
2019-01-08,92032
2019-01-09,93613
2019-01-10,93806
2019-01-11,93658
2019-01-14,94474
2019-01-15,94056
2019-01-16,94393
2019-01-17,95351
2019-01-18,96097
2019-01-21,96010
2019-01-22,95103
2019-01-23,96558
2019-01-24,97677
2019-01-28,95444
2019-01-29,95639
2019-01-30,96996
2019-01-31,97394
2019-02-01,97861
2019-02-04,98589
2019-02-05,98311
2019-02-06,94636
2019-02-07,94406
2019-02-08,95343
2019-02-11,94413
2019-02-12,96168
2019-02-13,95842
2019-02-14,98015
2019-02-15,97526
2019-02-18,96510
2019-02-19,97659
2019-02-20,96545
2019-02-21,96932
2019-02-22,97886
2019-02-25,97240
2019-02-26,97603
2019-02-27,97307
2019-02-28,95584
2019-03-01,94604
2019-03-06,94217
2019-03-07,94340
2019-03-08,95365
2019-03-11,98027
2019-03-12,97828
2019-03-13,98904
2019-03-14,98605
2019-03-15,99137
2019-03-18,99994
2019-03-19,99588
2019-03-20,98041
2019-03-21,96729
2019-03-22,93735
2019-03-25,93662
2019-03-26,95307
2019-03-27,91903
2019-03-28,94389
2019-03-29,95415
2019-04-01,96054
2019-04-02,95387
2019-04-03,94491
2019-04-04,96313
2019-04-05,97108
2019-04-08,97369
2019-04-09,96292
2019-04-10,95953
2019-04-11,94755
2019-04-12,92875
2019-04-15,93083
2019-04-16,94333
2019-04-17,93285
2019-04-18,94578
2019-04-22,94588
2019-04-23,95923
2019-04-24,95045
2019-04-25,96552
2019-04-26,96236
2019-04-29,96188
2019-04-30,96353
2019-05-02,95528
2019-05-03,96008
2019-05-06,95009
2019-05-07,94389
2019-05-08,95597
2019-05-09,94808
2019-05-10,94258
2019-05-13,91727
2019-05-14,92092
2019-05-15,91623
2019-05-16,90024
2019-05-17,89993
2019-05-20,91946
2019-05-21,94485
2019-05-22,94361
2019-05-23,93910
2019-05-24,93628
2019-05-27,94864
2019-05-28,96393
2019-05-29,96567
2019-05-30,97457
2019-05-31,97030
2019-06-03,97020
2019-06-04,97380
2019-06-05,95999
2019-06-06,97205
2019-06-07,97821
2019-06-10,97467
2019-06-11,98960
2019-06-12,98321
2019-06-13,98774
2019-06-14,98040
2019-06-17,97623
2019-06-18,99404
2019-06-19,100303
2019-06-21,102013
2019-06-24,102062
2019-06-25,100093
2019-06-26,100689
2019-06-27,100724
2019-06-28,100967
2019-07-01,101340
2019-07-02,100605
2019-07-03,102043
2019-07-04,103636
2019-07-05,104089
2019-07-08,104530
2019-07-10,105817
2019-07-11,105146
2019-07-12,103906
2019-07-15,103803
2019-07-16,103775
2019-07-17,103856
2019-07-18,104717
2019-07-19,103452
2019-07-22,103949
2019-07-23,103704
2019-07-24,104120
2019-07-25,102655
2019-07-26,102819
2019-07-29,103483
2019-07-30,102933
2019-07-31,101812
2019-08-01,102126
2019-08-02,102674
2019-08-05,100098
2019-08-06,102164
2019-08-07,102782
2019-08-08,104115
2019-08-09,103996
2019-08-12,101915
2019-08-13,103299
2019-08-14,100258
2019-08-15,99057
2019-08-16,99806
2019-08-19,99469
2019-08-20,99222
2019-08-21,101202
2019-08-22,100011
2019-08-23,97667
2019-08-26,96430
2019-08-27,97276
2019-08-28,98194
2019-08-29,100524
2019-08-30,101135
2019-09-02,100626
2019-09-03,99681
2019-09-04,101201
2019-09-05,102243
2019-09-06,102935
2019-09-09,103181
2019-09-10,103032
2019-09-11,103446
2019-09-12,104371
2019-09-13,103501
2019-09-16,103680
2019-09-17,104617
2019-09-18,104532
2019-09-19,104339
2019-09-20,104817
2019-09-23,104638
2019-09-24,103876
2019-09-25,104481
2019-09-26,105319
2019-09-27,105078
2019-09-30,104745
2019-10-01,104053
2019-10-02,101031
2019-10-03,101516
2019-10-04,102551
2019-10-07,100573
2019-10-08,99981
2019-10-09,101249
2019-10-10,101817
2019-10-11,103832
2019-10-14,104302
2019-10-15,104490
2019-10-16,105423
2019-10-17,105016
2019-10-18,104729
2019-10-21,106022
2019-10-22,107381
2019-10-23,107544
2019-10-24,106986
2019-10-25,107364
2019-10-28,108187
2019-10-29,107556
2019-10-30,108408
2019-10-31,107220
2019-11-01,108196
2019-11-04,108779
2019-11-05,108719
2019-11-06,108360
2019-11-07,109581
2019-11-08,107629
2019-11-11,108367
2019-11-12,106751
2019-11-13,106060
2019-11-14,106557
2019-11-18,106269
2019-11-19,105864
2019-11-21,107497
2019-11-22,108692
2019-11-25,108424
2019-11-26,107059
2019-11-27,107708
2019-11-28,108290
2019-11-29,108233
2019-12-02,108928
2019-12-03,108956
2019-12-04,110301
2019-12-05,110622
2019-12-06,111126
2019-12-09,110977
2019-12-10,110672
2019-12-11,110964
2019-12-12,112200
2019-12-13,112565
2019-12-16,111896
2019-12-17,112616
2019-12-18,114315
2019-12-19,115131
2019-12-20,115121
2019-12-23,115863
2019-12-26,117203
2019-12-27,116534
2019-12-30,115645
2020-01-02,118573
2020-01-03,117707
2020-01-06,116878
2020-01-07,116662
2020-01-08,116247
2020-01-09,115947
2020-01-10,115503
2020-01-13,117325
2020-01-14,117632
2020-01-15,116414
2020-01-16,116704
2020-01-17,118478
2020-01-20,118862
2020-01-21,117026
2020-01-22,118391
2020-01-23,119528
2020-01-24,118376
2020-01-27,114482
2020-01-28,116479
2020-01-29,115385
2020-01-30,115528
2020-01-31,113761
2020-02-03,114629
2020-02-04,115557
2020-02-05,116028
2020-02-06,115190
2020-02-07,113770
2020-02-10,112570
2020-02-11,115371
2020-02-12,116674
2020-02-13,115662
2020-02-14,114381
2020-02-17,115309
2020-02-18,114977
2020-02-19,116518
2020-02-20,114586
2020-02-21,113681
2020-02-26,105718
2020-02-27,102984
2020-02-28,104172
2020-03-02,106625
2020-03-03,105537
2020-03-04,107224
2020-03-05,102233
2020-03-06,97997
2020-03-09,86067
2020-03-10,92214
2020-03-11,85171
2020-03-12,72583
2020-03-13,82678
2020-03-16,71168
2020-03-17,74617
2020-03-18,66895
2020-03-19,68332
2020-03-20,67069
2020-03-23,63570
2020-03-24,69729
2020-03-25,74956
2020-03-26,77710
2020-03-27,73429
2020-03-30,74639
2020-03-31,73020
2020-04-01,70967
2020-04-02,72253
2020-04-03,69538
2020-04-06,74073
2020-04-07,76358
2020-04-08,78625
2020-04-09,77682
2020-04-13,78836
2020-04-14,79918
2020-04-15,78831
2020-04-16,77812
2020-04-17,78990
2020-04-20,78973
2020-04-22,80687
2020-04-23,79673
2020-04-24,75331
2020-04-27,78239
2020-04-28,81312
2020-04-29,83171
2020-04-30,80506
2020-05-04,78876
2020-05-05,79471
2020-05-06,79064
2020-05-07,78119
2020-05-08,80263
2020-05-11,79065
2020-05-12,77872
2020-05-13,77772
2020-05-14,79011
2020-05-15,77557
2020-05-18,81194
2020-05-19,80742
2020-05-20,81319
2020-05-21,83027
2020-05-22,82173
2020-05-25,85663
2020-05-26,85469
2020-05-27,87946
2020-05-28,86949
2020-05-29,87403
2020-06-01,88620
2020-06-02,91046
2020-06-03,93002
2020-06-04,93829
2020-06-05,94637
2020-06-08,97645
2020-06-09,96747
2020-06-10,94686
2020-06-12,92795
2020-06-15,92376
2020-06-16,93531
2020-06-17,95547
2020-06-18,96125
2020-06-19,96572
2020-06-22,95336
2020-06-23,95975
2020-06-24,94377
2020-06-25,95983
2020-06-26,93834
2020-06-29,95735
2020-06-30,95056
2020-07-01,96203
2020-07-02,96235
2020-07-03,96765
2020-07-06,98937
2020-07-07,97761
2020-07-08,99770
2020-07-09,99160
2020-07-10,100032
2020-07-13,98697
2020-07-14,100440
2020-07-15,101791
2020-07-16,100553
2020-07-17,102888
2020-07-20,104426
2020-07-21,104310
2020-07-22,104290
2020-07-23,102293
2020-07-24,102382
2020-07-27,104477
2020-07-28,104109
2020-07-29,105605
2020-07-30,105009
2020-07-31,102912
2020-08-03,102830
2020-08-04,101216
2020-08-05,102802
2020-08-06,104126
2020-08-07,102776
2020-08-10,103444
2020-08-11,102174
2020-08-12,102118
2020-08-13,100461
2020-08-14,101353
2020-08-17,99595
2020-08-18,102065
2020-08-19,100854
2020-08-20,101468
2020-08-21,101521
2020-08-24,102298
2020-08-25,102118
2020-08-26,100627
2020-08-27,100624
2020-08-28,102143
2020-08-31,99369
2020-09-01,102168
2020-09-02,101911
2020-09-03,100721
2020-09-04,101242
2020-09-08,100050
2020-09-09,101292
2020-09-10,98835
2020-09-11,98363
2020-09-14,100275
2020-09-15,100298
2020-09-16,99676
2020-09-17,100098
2020-09-18,98290
2020-09-21,96991
2020-09-22,97294
2020-09-23,95735
2020-09-24,97012
2020-09-25,96999
2020-09-28,94666
2020-09-29,93580
2020-09-30,94603
2020-10-01,95479
2020-10-02,94016
2020-10-05,96089
2020-10-06,95615
2020-10-07,95526
2020-10-08,97920
2020-10-09,97483
2020-10-13,98503
2020-10-14,99334
2020-10-15,99054
2020-10-16,98309
2020-10-19,98658
2020-10-20,100540
2020-10-21,100552
2020-10-22,101918
2020-10-23,101260
2020-10-26,101017
2020-10-27,99606
2020-10-28,95369
2020-10-29,96582
2020-10-30,93952
2020-11-03,95980
2020-11-04,97867
2020-11-05,100751
2020-11-06,100925
2020-11-09,103515
2020-11-10,105067
2020-11-11,104809
2020-11-12,102507
2020-11-13,104723
2020-11-16,106430
2020-11-17,107249
2020-11-18,106119
2020-11-19,106670
2020-11-20,106042
2020-11-23,107379
2020-11-24,109786
2020-11-25,110133
2020-11-26,110227
2020-11-27,110575
2020-11-30,108893
2020-12-01,111400
2020-12-02,111879
2020-12-03,112292
2020-12-04,113750
2020-12-07,113590
2020-12-08,113793
2020-12-09,113001
2020-12-10,115129
2020-12-11,115128
2020-12-14,114611
2020-12-15,116149
2020-12-16,117857
2020-12-17,118401
2020-12-18,118024
2020-12-21,115823
2020-12-22,116636
2020-12-23,117807
2020-12-28,119124
2020-12-29,119409
2020-12-30,119017
2021-01-04,118855
2021-01-05,119376
2021-01-06,119100
2021-01-07,122386
2021-01-08,125077
2021-01-11,123255
2021-01-12,123998
2021-01-13,121933
2021-01-14,123481
2021-01-15,120349
2021-01-18,121242
2021-01-19,120636
2021-01-20,119646
2021-01-21,118329
2021-01-22,117380
2021-01-26,116464
2021-01-27,115882
2021-01-28,118883
2021-01-29,115068
2021-02-01,117518
2021-02-02,118234
2021-02-03,119725
2021-02-04,119261
2021-02-05,120240
2021-02-08,119696
2021-02-09,119472
2021-02-10,118435
2021-02-11,119300
2021-02-12,119429
2021-02-17,120356
2021-02-18,119199
2021-02-19,118431
2021-02-22,112668
2021-02-23,115227
2021-02-24,115668
2021-02-25,112256
2021-02-26,110035
2021-03-01,110335
2021-03-02,111540
2021-03-03,111184
2021-03-04,112690
2021-03-05,115202
2021-03-08,110612
2021-03-09,111331
2021-03-10,112776
2021-03-11,114984
2021-03-12,114160
2021-03-15,114851
2021-03-16,114019
2021-03-17,116549
2021-03-18,114835
2021-03-19,116222
2021-03-22,114979
2021-03-23,113262
2021-03-24,112064
2021-03-25,113750
2021-03-26,114781
2021-03-29,115419
2021-03-30,116850
2021-03-31,116634
2021-04-01,115253
2021-04-05,117518
2021-04-06,117499
2021-04-07,117624
2021-04-08,118313
2021-04-09,117670
2021-04-12,118812
2021-04-13,119297
2021-04-14,120295
2021-04-15,120701
2021-04-16,121114
2021-04-19,120934
2021-04-20,120062
2021-04-22,119371
2021-04-23,120530
2021-04-26,120595
2021-04-27,119388
2021-04-28,121053
2021-04-29,120066
2021-04-30,118894
2021-05-03,119209
2021-05-04,117712
2021-05-05,119564
2021-05-06,119921
2021-05-07,122038
2021-05-10,121909
2021-05-11,122964
2021-05-12,119710
2021-05-13,120706
2021-05-14,121881
2021-05-17,122938
2021-05-18,122980
2021-05-19,122636
2021-05-20,122701
2021-05-21,122592
2021-05-24,124032
2021-05-25,122988
2021-05-26,123989
2021-05-27,124367
2021-05-28,125561
2021-05-31,126216
2021-06-01,128267
2021-06-02,129601
2021-06-04,130126
2021-06-07,130776
2021-06-08,129787
2021-06-09,129907
2021-06-10,130076
2021-06-11,129441
2021-06-14,130208
2021-06-15,130091
2021-06-16,129259
2021-06-17,128057
2021-06-18,128405
2021-06-21,129265
2021-06-22,128767
2021-06-23,128428
2021-06-24,129514
2021-06-25,127256
2021-06-28,127429
2021-06-29,127327
2021-06-30,126802
2021-07-01,125666
2021-07-02,127622
2021-07-05,126920
2021-07-06,125095
2021-07-07,127019
2021-07-08,125428
2021-07-12,127594
2021-07-13,128168
2021-07-14,128407
2021-07-15,127468
2021-07-16,125960
2021-07-19,124395
2021-07-20,125401
2021-07-21,125929
2021-07-22,126147
2021-07-23,125053
2021-07-26,126004
2021-07-27,124612
2021-07-28,126286
2021-07-29,125675
2021-07-30,121801
2021-08-02,122516
2021-08-03,123577
2021-08-04,121801
2021-08-05,121633
2021-08-06,122810
2021-08-09,123019
2021-08-10,122202
2021-08-11,122056
2021-08-12,120701
2021-08-13,121194
2021-08-16,119180
2021-08-17,117904
2021-08-18,116643
2021-08-19,117165
2021-08-20,118053
2021-08-23,117472
2021-08-24,120211
2021-08-25,120818
2021-08-26,118724
2021-08-27,120678
2021-08-30,119740
2021-08-31,118781
2021-09-01,119396
2021-09-02,116677
2021-09-03,116933
2021-09-06,117869
2021-09-08,113413
2021-09-09,115361
2021-09-10,114286
2021-09-13,116404
2021-09-14,116181
2021-09-15,115063
2021-09-16,113794
2021-09-17,111439
2021-09-20,108844
2021-09-21,110250
2021-09-22,112282
2021-09-23,114064
2021-09-24,113283
2021-09-27,113583
2021-09-28,110124
2021-09-29,111107
2021-09-30,110979
2021-10-01,112900
2021-10-04,110393
2021-10-05,110458
2021-10-06,110560
2021-10-07,110585
2021-10-08,112833
2021-10-11,112180
2021-10-13,113456
2021-10-14,113185
2021-10-15,114648
2021-10-18,114428
2021-10-19,110673
2021-10-20,110786
2021-10-21,107735
2021-10-22,106296
2021-10-25,108715
2021-10-26,106420
2021-10-27,106363
2021-10-28,105705
2021-10-29,103501
2021-11-01,105551
2021-11-03,105617
2021-11-04,103412
2021-11-05,104824
2021-11-08,104781
2021-11-09,105535
2021-11-10,105968
2021-11-11,107595
2021-11-12,106335
2021-11-16,104404
2021-11-17,102948
2021-11-18,102426
2021-11-19,103035
2021-11-22,102122
2021-11-23,103654
2021-11-24,104514
2021-11-25,105811
2021-11-26,102224
2021-11-29,102814
2021-11-30,101915
2021-12-01,100775
2021-12-02,104466
2021-12-03,105070
2021-12-06,106859
2021-12-07,107558
2021-12-08,108096
2021-12-09,106291
2021-12-10,107758
2021-12-13,107383
2021-12-14,106760
2021-12-15,107431
2021-12-16,108326
2021-12-17,107201
2021-12-20,105020
2021-12-21,105500
2021-12-22,105244
2021-12-23,104891
2021-12-27,105554
2021-12-28,104864
2021-12-29,104107
2021-12-30,104822
2022-01-03,103922
2022-01-04,103514
2022-01-05,101006
2022-01-06,101561
2022-01-07,102719
2022-01-10,101945
2022-01-11,103779
2022-01-12,105686
2022-01-13,105530
2022-01-14,106928
2022-01-17,106374
2022-01-18,106668
2022-01-19,108013
2022-01-20,109102
2022-01-21,108942
2022-01-24,107937
2022-01-25,110204
2022-01-26,111289
2022-01-27,112612
2022-01-28,111910
2022-01-31,112144
2022-02-01,113228
2022-02-02,111894
2022-02-03,111696
2022-02-04,112245
2022-02-07,111996
2022-02-08,112234
2022-02-09,112461
2022-02-10,113368
2022-02-11,113572
2022-02-14,113899
2022-02-15,114828
2022-02-16,115181
2022-02-17,113528
2022-02-18,112880
2022-02-21,111725
2022-02-22,112892
2022-02-23,112008
2022-02-24,111592
2022-02-25,113142
2022-03-02,115174
2022-03-03,115166
2022-03-04,114474
2022-03-07,111593
2022-03-08,111203
2022-03-09,113900
2022-03-10,113663
2022-03-11,111713
2022-03-14,109928
2022-03-15,108959
2022-03-16,111112
2022-03-17,113076
2022-03-18,115311
2022-03-21,116155
2022-03-22,117272
2022-03-23,117457
2022-03-24,119053
2022-03-25,119081
2022-03-28,118738
2022-03-29,120014
2022-03-30,120260
2022-03-31,119999
2022-04-01,121570
2022-04-04,121280
2022-04-05,118885
2022-04-06,118228
2022-04-07,118862
2022-04-08,118322
2022-04-11,116953
2022-04-12,116147
2022-04-13,116782
2022-04-14,116182
2022-04-18,115687
2022-04-19,115057
2022-04-20,114344
2022-04-22,111078
2022-04-25,110685
2022-04-26,108213
2022-04-27,109349
2022-04-28,109919
2022-04-29,107876
2022-05-02,106639
2022-05-03,106528
2022-05-04,108344
2022-05-05,105304
2022-05-06,105135
2022-05-09,103250
2022-05-10,103110
2022-05-11,104397
2022-05-12,105688
2022-05-13,106924
2022-05-16,108233
2022-05-17,108789
2022-05-18,106247
2022-05-19,107005
2022-05-20,108488
2022-05-23,110346
2022-05-24,110581
2022-05-25,110580
2022-05-26,111890
2022-05-27,111942
2022-05-30,111032
2022-05-31,111351
2022-06-01,111360
2022-06-02,112393
2022-06-03,111102
2022-06-06,110186
2022-06-07,110070
2022-06-08,108368
2022-06-09,107094
2022-06-10,105481
2022-06-13,102598
2022-06-14,102063
2022-06-15,102807
2022-06-17,99825
2022-06-20,99853
2022-06-21,99685
2022-06-22,99522
2022-06-23,98080
2022-06-24,98672
2022-06-27,100764
2022-06-28,100591
2022-06-29,99622
2022-06-30,98542
2022-07-01,98954
2022-07-04,98609
2022-07-05,98295
2022-07-06,98719
2022-07-07,100730
2022-07-08,100289
2022-07-11,98212
2022-07-12,98271
2022-07-13,97881
2022-07-14,96121
2022-07-15,96551
2022-07-18,96916
2022-07-19,98245
2022-07-20,98287
2022-07-21,99033
2022-07-22,98925
2022-07-25,100270
2022-07-26,99772
2022-07-27,101438
2022-07-28,102597
2022-07-29,103165
2022-08-01,102225
2022-08-02,103362
2022-08-03,103775
2022-08-04,105892
2022-08-05,106472
2022-08-08,108402
2022-08-09,108651
2022-08-10,110236
2022-08-11,109718
2022-08-12,112764
2022-08-15,113032
2022-08-16,113512
2022-08-17,113708
2022-08-18,113813
2022-08-19,111496
2022-08-22,110501
2022-08-23,112857
2022-08-24,112898
2022-08-25,113532
2022-08-26,112299
2022-08-29,112323
2022-08-30,110431
2022-08-31,109523
2022-09-01,110405
2022-09-02,110864
2022-09-05,112203
2022-09-06,109764
2022-09-08,109916
2022-09-09,112300
2022-09-12,113407
2022-09-13,110794
2022-09-14,110547
2022-09-15,109954
2022-09-16,109280
2022-09-19,111824
2022-09-20,112517
2022-09-21,111936
2022-09-22,114070
2022-09-23,111716
2022-09-26,109114
2022-09-27,108376
2022-09-28,108451
2022-09-29,107664
2022-09-30,110037
2022-10-03,116134
2022-10-04,116230
2022-10-05,117198
2022-10-06,117561
2022-10-07,116375
2022-10-10,115941
2022-10-11,114827
2022-10-13,114300
2022-10-14,112072
2022-10-17,113624
2022-10-18,115743
2022-10-19,116274
2022-10-20,117171
2022-10-21,119929
2022-10-24,116013
2022-10-25,114626
2022-10-26,112764
2022-10-27,114641
2022-10-28,114539
2022-10-31,116037
2022-11-01,116929
2022-11-03,116896
2022-11-04,118155
2022-11-07,115342
2022-11-08,116160
2022-11-09,113580
2022-11-10,109775
2022-11-11,112253
2022-11-14,113161
2022-11-16,110243
2022-11-17,109703
2022-11-18,108870
2022-11-21,109748
2022-11-22,109037
2022-11-23,108841
2022-11-24,111831
2022-11-25,108977
2022-11-28,108782
2022-11-29,110910
2022-11-30,112486
2022-12-01,110926
2022-12-02,111924
2022-12-05,109401
2022-12-06,110189
2022-12-07,109069
2022-12-08,107249
2022-12-09,107520
2022-12-12,105343
2022-12-13,103540
2022-12-14,103746
2022-12-15,103738
2022-12-16,102856
2022-12-19,104740
2022-12-20,106864
2022-12-21,107433
2022-12-22,107552
2022-12-23,109698
2022-12-26,108738
2022-12-27,108578
2022-12-28,110237
2022-12-29,109735
2023-01-02,106376
2023-01-03,104166
2023-01-04,105334
2023-01-05,107641
2023-01-06,108964
2023-01-09,109130
2023-01-10,110817
2023-01-11,112517
2023-01-12,111850
2023-01-13,110916
2023-01-16,109213
2023-01-17,111439
2023-01-18,112228
2023-01-19,112922
2023-01-20,112041
2023-01-23,111737
2023-01-24,113028
2023-01-25,114270
2023-01-26,114178
2023-01-27,112316
2023-01-30,112273
2023-01-31,113431
2023-02-01,112074
2023-02-02,110141
2023-02-03,108523
2023-02-06,108722
2023-02-07,107830
2023-02-08,109951
2023-02-09,108008
2023-02-10,108078
2023-02-13,108836
2023-02-14,107849
2023-02-15,109600
2023-02-16,109941
2023-02-17,109177
2023-02-22,107152
2023-02-23,107593
2023-02-24,105798
2023-02-27,105711
2023-02-28,104932
2023-03-01,104385
2023-03-02,103326
2023-03-03,103866
2023-03-06,104700
2023-03-07,104228
2023-03-08,106540
2023-03-09,105071
2023-03-10,103618
2023-03-13,103121
2023-03-14,102932
2023-03-15,102675
2023-03-16,103435
2023-03-17,101982
2023-03-20,100923
2023-03-21,100998
2023-03-22,100221
2023-03-23,97926
2023-03-24,98829
2023-03-27,99670
2023-03-28,101185
2023-03-29,101793
2023-03-30,103713
2023-03-31,101882
2023-04-03,101506
2023-04-04,101869
2023-04-05,100978
2023-04-06,100822
2023-04-10,101847
2023-04-11,106214
2023-04-12,106890
2023-04-13,106458
2023-04-14,106279
2023-04-17,106016
2023-04-18,106163
2023-04-19,103913
2023-04-20,104367
2023-04-24,103947
2023-04-25,103220
2023-04-26,102312
2023-04-27,102923
2023-04-28,104432
2023-05-02,101927
2023-05-03,101797
2023-05-04,102174
2023-05-05,105148
2023-05-08,106042
2023-05-09,107114
2023-05-10,107448
2023-05-11,108256
2023-05-12,108464
2023-05-15,109029
2023-05-16,108194
2023-05-17,109460
2023-05-18,110108
2023-05-19,110745
2023-05-22,110213
2023-05-23,109929
2023-05-24,108800
2023-05-25,110054
2023-05-26,110906
2023-05-29,110333
2023-05-30,108967
2023-05-31,108335
2023-06-01,110565
2023-06-02,112558
2023-06-05,112696
2023-06-06,114610
2023-06-07,115488
2023-06-09,117019
2023-06-12,117336
2023-06-13,116743
2023-06-14,119069
2023-06-15,119221
2023-06-16,118758
2023-06-19,119858
2023-06-20,119622
2023-06-21,120420
2023-06-22,118934
2023-06-23,118977
2023-06-26,118243
2023-06-27,117523
2023-06-28,116681
2023-06-29,118383
2023-06-30,118087
2023-07-03,119673
2023-07-04,119076
2023-07-05,119549
2023-07-06,117426
2023-07-07,118898
2023-07-10,117942
2023-07-11,117220
2023-07-12,117666
2023-07-13,119264
2023-07-14,117711
2023-07-17,118219
2023-07-18,117841
2023-07-19,117552
2023-07-20,118083
2023-07-21,120217
2023-07-24,121342
2023-07-25,122008
2023-07-26,122560
2023-07-27,119990
2023-07-28,120187
2023-07-31,121943
2023-08-01,121248
